timestamp,ambient_temp,solar_irradiance_w_m2,price,load,internal_gains_w,solar_gains_w,wind_speed_m_s
2024-01-01 00:00:00,10.0,0.0,0.36864065531656354,200.0,0.0,0.0,0.0
2024-01-01 00:15:00,10.655004608321285,52.40036866570276,0.3631337254755286,200.64423829368155,0.0,65.50046083212844,0.1310009216642569
2024-01-01 00:30:00,11.30719602296778,104.57568183742232,0.3774095205330437,202.57418622153273,0.0,130.7196022967779,0.2614392045935558
2024-01-01 00:45:00,11.95377313271198,156.30185061695835,0.36524654643609084,205.7815548078205,0.0,195.37731327119795,0.3907546265423959
2024-01-01 01:00:00,12.591958939327785,207.35671514622277,0.3870858306540164,210.25256865477667,0.0,259.19589393277846,0.518391787865557
2024-01-01 01:15:00,13.219012484581155,257.5209987664924,0.35613310496020867,215.96802510685598,0.0,321.9012484581155,0.643802496916231
2024-01-01 01:30:00,13.832240622431815,306.5792497945453,0.36580072041479117,222.90337672464307,0.0,383.2240622431816,0.7664481244863632
2024-01-01 01:45:00,14.429009585885325,354.32076687082605,0.3610624789508865,231.02883671418914,0.0,442.90095858853255,0.8858019171770651
2024-01-01 02:00:00,15.006756298816768,400.54050390534144,0.34845590566479584,240.30950685896727,0.0,500.6756298816768,1.0013512597633536
2024-01-01 02:15:00,15.562999384182682,445.03995073461454,0.34972909613776165,250.7055274049888,0.0,556.2999384182682,1.1125998768365364
2024-01-01 02:30:00,16.095349821341813,487.6279857073449,0.3230223719561028,262.17224825533606,0.0,609.5349821341811,1.2190699642683622
2024-01-01 02:45:00,16.601521206712317,528.1216965369853,0.32029704783238083,274.66042073884404,0.0,660.1521206712316,1.3203042413424633
2024-01-01 03:00:00,17.07933957369672,566.3471658957377,0.3557383259322112,288.1164091292996,0.0,707.9339573696722,1.4158679147393443
2024-01-01 03:15:00,17.526752729698785,602.1402183759029,0.34782520091947383,302.4824210066996,0.0,752.6752729698787,1.5053505459397574
2024-01-01 03:30:00,17.941839070130555,635.3471256104444,0.3167678099379388,317.6967554711847,0.0,794.1839070130555,1.588367814026111
2024-01-01 03:45:00,18.322815831554095,665.8252665243275,0.2844164937775218,333.6940681435888,0.0,832.2815831554093,1.6645631663108187
2024-01-01 04:00:00,18.668046748511323,693.4437398809057,0.29601656060999165,350.40565181444833,0.0,866.8046748511321,1.7336093497022642
2024-01-01 04:15:00,18.97604908115646,718.0839264925169,0.28367513985388815,367.7597315361043,0.0,897.6049081156461,1.7952098162312922
2024-01-01 04:30:00,19.24549998350796,739.6399986806367,0.29211319121565194,385.6817728905014,0.0,924.5499983507959,1.8490999967015918
2024-01-01 04:45:00,19.475242184968735,758.0193747974986,0.28600527594766584,404.09480210869674,0.0,947.5242184968733,1.8950484369937466
2024-01-01 05:00:00,19.66428896071308,773.1431168570465,0.24674623456073905,422.91973666719,0.0,966.4288960713081,1.9328577921426162
2024-01-01 05:15:00,19.81182836959279,784.9462695674233,0.27209429309109845,442.07572494119006,0.0,981.1828369592791,1.9623656739185582
2024-01-01 05:30:00,19.917226741361013,793.3781393088811,0.2514660477930169,461.48049345603454,0.0,991.7226741361015,1.983445348272203
2024-01-01 05:45:00,19.98003139823652,798.4025118589216,0.2456370785880326,481.05070024534126,0.0,998.003139823652,1.996006279647304
2024-01-01 06:00:00,19.99997259911943,799.9978079295547,0.23059065359071815,500.7022927982507,0.35114639912536444,999.9972599119433,1.9999945198238867
2024-01-01 06:15:00,19.97696469810822,798.1571758486575,0.19077030874136183,520.3508690584001,10.175434529200054,997.6964698108218,1.9953929396216437
2024-01-01 06:30:00,19.91110651234213,792.8885209873705,0.22561336844380103,539.9120399241687,19.956019962084337,991.1106512342132,1.9822213024684263
2024-01-01 06:45:00,19.802680897589326,784.2144718071462,0.21107696506974202,559.3017916932832,29.650895846641635,980.2680897589328,1.9605361795178655
2024-01-01 07:00:00,19.652153533403403,772.1722826722722,0.16381387461078395,578.4368468951129,39.21842344755645,965.2153533403402,1.9304307066806805
2024-01-01 07:15:00,19.46017092306606,756.8136738452848,0.18139735688877345,597.2350219609061,48.61751098045304,946.0170923066061,1.892034184613212
2024-01-01 07:30:00,19.22755761690597,738.2046093524776,0.15368552509748248,615.6155801958047,57.80779009790233,922.7557616905971,1.845511523381194
2024-01-01 07:45:00,18.955312670919454,716.4250136735562,0.16558547434834445,633.4995785366475,66.74978926832378,895.5312670919453,1.7910625341838906
2024-01-01 08:00:00,18.644605355902947,691.5684284722357,0.15019932997690744,650.8102066062661,75.40510330313303,864.4605355902946,1.7289210711805894
2024-01-01 08:15:00,18.296770135526188,663.7416108420953,0.13749784154371186,667.4731166080593,83.73655830402966,829.677013552619,1.659354027105238
2024-01-01 08:30:00,17.9133009349149,633.0640747931922,0.11844485201904742,683.4167426439785,91.70837132198923,791.3300934914902,1.5826601869829804
2024-01-01 08:45:00,17.495844724358957,599.6675779487165,0.10545565433643882,698.5726080844737,99.28630404223684,749.5844724358957,1.4991689448717913
2024-01-01 09:00:00,17.046194445703524,563.695555656282,0.11950927013710434,712.8756196702739,106.43780983513695,704.6194445703525,1.4092388891407048
2024-01-01 09:15:00,16.566281311803767,525.3025049443013,0.12473422954430993,726.2643470828556,113.13217354142779,656.6281311803766,1.3132562623607533
2024-01-01 09:30:00,16.058166512116344,484.6533209693075,0.10977682098345033,738.6812867828663,119.34064339143316,605.8166512116344,1.2116333024232688
2024-01-01 09:45:00,15.524032360051557,441.9225888041245,0.10372055427940463,750.0731089833389,125.03655449166945,552.4032360051556,1.1048064720103112
2024-01-01 10:00:00,14.966172920107557,397.29383360860464,0.08857857167053795,760.3908866969643,130.19544334848217,496.61729201075576,0.9932345840215115
2024-01-01 10:15:00,14.386984155042377,350.9587324033903,0.11439109495586389,769.5903058736837,134.79515293684187,438.6984155042378,0.8773968310084757
2024-01-01 10:30:00,13.788953635400844,303.11629083206753,0.0690107473586783,777.6318557260755,138.81592786303776,378.8953635400844,0.7577907270801688
2024-01-01 10:45:00,13.174649855593248,253.97198844745984,0.07831236148898253,784.4809984251032,142.24049921255158,317.46498555932476,0.6349299711186496
2024-01-01 11:00:00,12.546711202412293,203.73689619298338,0.09478487403004782,790.108317437396,145.054158718698,254.67112024122923,0.5093422404824585
2024-01-01 11:15:00,11.907834623367725,152.62676986941796,0.0800183613751975,794.4896438669641,147.2448219334821,190.78346233677243,0.38156692467354486
2024-01-01 11:30:00,11.260764043507255,100.86112348058045,0.068902440850344,797.6061602587206,148.8030801293603,126.07640435072557,0.2521528087014511
2024-01-01 11:45:00,10.608278580472625,48.662286437810046,0.06715392807765189,799.4444814179824,149.7222407089912,60.82785804726256,0.12165571609452512
2024-01-01 12:00:00,9.953180608406218,0.0,0.08516537948799521,799.9967118988368,149.9983559494184,0.0,0.009363878318756558
2024-01-01 12:15:00,9.298283721972819,0.0,0.05799220248061259,799.260479914466,149.63023995723302,0.0,0.14034325560543612
2024-01-01 12:30:00,8.64640065219012,0.0,0.06787765348483532,797.2389475237857,148.61947376189283,0.0,0.2707198695619759
2024-01-01 12:45:00,8.000331185968498,0.0,0.10182982362925963,793.940797050649,146.97039852532455,0.0,0.3999337628063003
2024-01-01 13:00:00,7.362850141244743,0.0,0.07378830218275563,789.3801937939438,144.69009689697188,0.0,0.5274299717510514
2024-01-01 13:15:00,6.736695449355568,0.0,0.1075860833651068,783.576725188738,141.788362594369,0.0,0.6526609101288864
2024-01-01 13:30:00,6.124556395836197,0.0,0.09927680549006562,776.5553166797763,138.27765833988812,0.0,0.7750887208327606
2024-01-01 13:45:00,5.529062070148863,0.0,0.0992578010222522,768.3461246686388,134.1730623343194,0.0,0.8941875859702273
2024-01-01 14:00:00,4.9527700739487575,0.0,0.09987092278805483,758.9844069943508,129.49220349717538,0.0,1.0094459852102484
2024-01-01 14:15:00,4.398155536384501,0.0,0.1017550787905368,748.5103715037149,124.25518575185741,0.0,1.1203688927230997
2024-01-01 14:30:00,3.867600483611641,0.0,0.11490900171479834,736.9690033617474,118.48450168087369,0.0,1.2264799032776719
2024-01-01 14:45:00,3.363383608176191,0.0,0.122694932848853,724.4098718439053,112.20493592195265,0.0,1.3273232783647617
2024-01-01 15:00:00,2.8876704822079944,0.0,0.11815567980799635,710.8869174399164,105.44345871995819,0.0,1.422465903558401
2024-01-01 15:15:00,2.442504256457422,0.0,0.13235237871647432,696.4582201835857,98.22911009179285,0.0,1.5114991487085156
2024-01-01 15:30:00,2.0297968851223533,0.0,0.14155197657620752,681.1857502035831,90.59287510179155,0.0,1.5940406229755293
2024-01-01 15:45:00,1.6513209141541143,0.0,0.1207432395158242,665.1351015665766,82.56755078328831,0.0,1.6697358171691772
2024-01-01 16:00:00,1.308701868310946,0.0,0.1568929991263021,648.3752105558356,74.18760527791778,0.0,1.7382596263378107
2024-01-01 16:15:00,1.0034112696560253,0.0,0.1531990519097006,630.9780595952736,65.4890297976368,0.0,1.7993177460687948
2024-01-01 16:30:00,0.7367603174850519,0.0,0.17743050553986117,613.0183680905557,56.50918404527786,0.0,1.8526479365029895
2024-01-01 16:45:00,0.509894256827593,0.0,0.17321322656345636,594.5732715150823,47.28663575754114,0.0,1.8980211486344816
2024-01-01 17:00:00,0.32378745970905953,0.0,0.1652907339820903,575.7219901191504,37.86099505957522,0.0,1.935242508058188
2024-01-01 17:15:00,0.1792392402989087,0.0,0.21576942805181648,556.5454886851617,28.272744342580832,0.0,1.964152151940218
2024-01-01 17:30:00,0.07687042191865956,0.0,0.20725390277375583,537.1261287902001,18.563064395100046,0.0,1.984625915616268
2024-01-01 17:45:00,0.017120670654172443,0.0,0.23537644597298188,517.5473150694866,8.77365753474326,0.0,1.9965758658691655
2024-01-01 18:00:00,0.0002466070241329277,0.0,0.21920287619619724,497.8931369999792,0.0,0.0,1.9999506785951735
2024-01-01 18:15:00,0.026320703814942448,0.0,0.25029388301481115,478.2480077426329,0.0,0.0,1.9947358592370117
2024-01-01 18:30:00,0.09523097481576137,0.0,0.24101585624714228,458.6963015944604,0.0,0.0,1.9809538050368478
2024-01-01 18:45:00,0.20668145579054809,0.0,0.26025390671881365,439.32199160751134,0.0,0.0,1.9586637088418906
2024-01-01 19:00:00,0.3601934756213456,0.0,0.24620644216950202,420.2082889311675,0.0,0.0,1.927961304875731
2024-01-01 19:15:00,0.5551077121633856,0.0,0.2785529750226896,401.4372854267497,0.0,0.0,1.8889784575673227
2024-01-01 19:30:00,0.7905870239822423,0.0,0.2866803974414196,383.0896010893806,0.0,0.0,1.8418825952035516
2024-01-01 19:45:00,1.065620045810956,0.0,0.2882357055201344,365.2440377913969,0.0,0.0,1.786875990837809
2024-01-01 20:00:00,1.3790255322849347,0.0,0.2847994207684421,347.9772408344578,0.0,0.0,1.724194893543013
2024-01-01 20:15:00,1.7294574312985986,0.0,0.2992875866819401,331.3633697639559,0.0,0.0,1.6541085137402805
2024-01-01 20:30:00,2.1154106651941387,0.0,0.3132969855498244,315.4737798595572,0.0,0.0,1.5769178669611723
2024-01-01 20:45:00,2.535227594952582,0.0,0.3476366789957255,300.37671566984375,0.0,0.0,1.4929544810094835
2024-01-01 21:00:00,2.9871051396240214,0.0,0.3195420912719781,286.1370179073035,0.0,0.0,1.4025789720751958
2024-01-01 21:15:00,3.4691025204195727,0.0,0.357530767991594,272.81584496253026,0.0,0.0,1.3061794959160855
2024-01-01 21:30:00,3.9791495962048193,0.0,0.33244159192910644,260.47041023370923,0.0,0.0,1.204170080759036
2024-01-01 21:45:00,4.515055754594421,0.0,0.34650655234514094,249.15373639953683,0.0,0.0,1.0969888490811157
2024-01-01 22:00:00,5.074519320461347,0.0,0.35377290639345127,238.91442769095352,0.0,0.0,0.9850961359077306
2024-01-01 22:15:00,5.655137441451924,0.0,0.3582086109166998,229.79646113976526,0.0,0.0,0.8689725117096153
2024-01-01 22:30:00,6.254416408049167,0.0,0.34845101834534997,221.8389977007239,0.0,0.0,0.7491167183901666
2024-01-01 22:45:00,6.869782363860546,0.0,0.3556131453007806,215.07621405828297,0.0,0.0,0.6260435272278909
2024-01-01 23:00:00,7.4985923601303135,0.0,0.36903012289821413,209.53715584040452,0.0,0.0,0.5002815279739373
2024-01-01 23:15:00,8.13814570699816,0.0,0.3780035944783804,205.2456128698547,0.0,0.0,0.372370858600368
2024-01-01 23:30:00,8.785695572751388,0.0,0.37168775996933867,202.22001698877074,0.0,0.0,0.24286088544972242
2024-01-01 23:45:00,9.438460781252754,0.0,0.3757448810086751,200.47336289533803,0.0,0.0,0.11230784374944931
2024-01-02 00:00:00,10.093637756874926,7.49102054999407,0.3575837803889009,200.01315233257526,0.0,9.363775687492586,0.018727551374985173
2024-01-02 00:15:00,10.74841256563901,59.87300525112078,0.3546030213375182,200.84136186893375,0.0,74.84125656390097,0.14968251312780195
2024-01-02 00:30:00,11.39997300084138,111.99784006731035,0.39257770620327687,202.9544344090899,0.0,139.99730008413795,0.2799946001682759
2024-01-02 00:45:00,12.045520661262,163.64165290096003,0.3735483059776266,206.3432944713926,0.0,204.55206612620003,0.40910413225240005
2024-01-02 01:00:00,12.682282970079275,214.582637606342,0.37731331336090174,210.99338716634804,0.0,268.2282970079275,0.536456594015855
2024-01-02 01:15:00,13.307525082871116,264.6020066296893,0.3441777404463773,216.88474070873445,0.0,330.7525082871116,0.6615050165742232
2024-01-02 01:30:00,13.918561633558305,313.4849306846644,0.35487978809126575,223.992052194861,0.0,391.85616335583046,0.7837123267116609
2024-01-02 01:45:00,14.512768267842228,361.0214614273782,0.38318745188133807,232.28479627656446,0.0,451.27682678422275,0.9025536535684455
2024-01-02 02:00:00,15.087592914601784,407.0074331681427,0.35593114833454204,241.72735626519733,0.0,508.7592914601784,1.0175185829203568
2024-01-02 02:15:00,15.640566746839676,451.24533974717406,0.356749294939833,252.2791771025258,0.0,564.0566746839676,1.1281133493679352
2024-01-02 02:30:00,16.169314785101694,493.5451828081355,0.34436363060601594,263.8949395415401,0.0,616.9314785101694,1.2338629570203388
2024-01-02 02:45:00,16.671566097828123,533.7252878262498,0.3359353876459755,276.5247547890833,0.0,667.1566097828122,1.3343132195656244
2024-01-02 03:00:00,17.14516355482756,571.6130843862047,0.3137438554862345,290.1143787743249,0.0,714.5163554827558,1.4290327109655117
2024-01-02 03:15:00,17.588073091982743,607.0458473586193,0.32360395902616346,304.6054451228114,0.0,758.8073091982741,1.5176146183965482
2024-01-02 03:30:00,17.99839244739719,639.8713957917752,0.29866348994342257,319.93571583548953,0.0,799.839244739719,1.599678489479438
2024-01-02 03:45:00,18.37435933146159,669.9487465169274,0.2911437550865517,336.03934859605533,0.0,837.4359331461593,1.6748718662923185
2024-01-02 04:00:00,18.714358995750143,697.1487196600115,0.2775772437544105,352.8471795585633,0.0,871.4358995750143,1.7428717991500287
2024-01-02 04:15:00,19.016931168239026,721.3544934591221,0.2748738738963449,370.2870204007492,0.0,901.6931168239025,1.803386233647805
2024-01-02 04:30:00,19.28077632506077,742.4621060048617,0.26099226147464594,388.2839683672376,0.0,928.077632506077,1.856155265012154
2024-01-02 04:45:00,19.504761271857863,760.3809017486291,0.2767881692658959,406.76072797103245,0.0,950.4761271857864,1.9009522543715727
2024-01-02 05:00:00,19.687924010764075,775.0339208611259,0.24570162734256534,425.6379429716011,0.0,968.7924010764074,1.9375848021528148
2024-01-02 05:15:00,19.829477872110207,786.3582297688166,0.24140731080070363,444.8345372037338,0.0,982.9477872110207,1.9658955744220414
2024-01-02 05:30:00,19.928814893108942,794.3051914487156,0.2261998915833299,464.26806279334676,0.0,992.8814893108945,1.985762978621789
2024-01-02 05:45:00,19.985508429007574,798.8406743206057,0.2564864937503272,483.855054264666,0.0,998.5508429007572,1.9971016858015143
2024-01-02 06:00:00,19.999314985493882,799.9451988395107,0.2480203858724713,503.5113870179327,1.7556935089663503,999.9314985493884,1.9998629970987767
2024-01-02 06:15:00,19.97017526448527,797.6140211588214,0.2292840198160385,523.1526386379935,11.576319318996731,997.0175264485268,1.9940350528970536
2024-01-02 06:30:00,19.89821441880933,791.8571535047463,0.2222228923966606,542.6944514819851,21.347225740992556,989.8214418809329,1.9796428837618658
2024-01-02 06:45:00,19.78374151468227,782.6993211745815,0.1711316385641974,562.0528949888272,31.026447494413624,978.374151468227,1.9567483029364539
2024-01-02 07:00:00,19.627248204293604,770.1798563434884,0.1889925313554509,581.144826154432,40.57241307721601,962.7248204293604,1.925449640858721
2024-01-02 07:15:00,19.429406614198385,754.3525291358709,0.18423555724723423,599.888246624418,49.944123312209,942.9406614198385,1.8858813228396771
2024-01-02 07:30:00,19.191066458586093,735.2853166868874,0.17257307879882244,618.2026548706428,59.10132743532145,919.1066458586092,1.8382132917172185
2024-01-02 07:45:00,18.91325138982451,713.0601111859607,0.16103867141110953,636.0093919389844,68.00469596949225,891.3251389824509,1.7826502779649018
2024-01-02 08:00:00,18.59715460195269,687.7723681562151,0.15380115283588444,653.2319792834098,76.61598964170491,859.7154601952687,1.7194309203905376
2024-01-02 08:15:00,18.244133706005677,659.530696480454,0.1426055646620334,669.7964472353618,84.8982236176809,824.4133706005675,1.648826741201135
2024-01-02 08:30:00,17.855704899181063,628.4563919344849,0.10931796979809366,685.6316526977131,92.81582634885655,785.5704899181062,1.5711409798362124
2024-01-02 08:45:00,17.43353645289035,594.6829162312282,0.14062300891710214,700.6695846988159,100.33479234940798,743.3536452890353,1.4867072905780705
2024-01-02 09:00:00,16.97944154766344,558.3553238130754,0.11585207154380639,714.8456564943177,107.42282824715886,697.9441547663444,1.3958883095326886
2024-01-02 09:15:00,16.495370485679754,519.6296388543802,0.10953325799562613,728.0989829621875,114.04949148109377,649.5370485679754,1.2990740971359507
2024-01-02 09:30:00,15.98340231437257,478.6721851498056,0.08642758822568151,740.3726420995636,120.18632104978177,598.340231437257,1.196680462874514
2024-01-02 09:45:00,15.445735897082573,435.65887176660584,0.09506882778220317,751.6139194983132,125.80695974915659,544.5735897082573,1.0891471794165146
2024-01-02 10:00:00,14.884680469111398,390.7744375289118,0.09676040364178444,761.7745347493019,130.88726737465095,488.4680469111397,0.9769360938222794
2024-01-02 10:15:00,14.30264571973622,344.21165757889753,0.10240743287486626,770.8108488029828,135.40542440149142,430.26457197362197,0.8605291439472439
2024-01-02 10:30:00,13.702131442782381,296.1705154225905,0.06577432198905403,778.6840513957084,139.3420256978542,370.2131442782381,0.7404262885564762
2024-01-02 10:45:00,13.085716800203988,246.85734401631905,0.08345220686777416,785.3603277367843,142.68016386839216,308.5716800203988,0.6171433600407976
2024-01-02 11:00:00,12.456049244784609,196.48393958276864,0.09906615656968493,790.8110037403565,145.40550187017826,245.6049244784608,0.4912098489569216
2024-01-02 11:15:00,11.815833149534175,145.26665196273402,0.09997188941086127,795.0126691783719,147.50633458918597,181.5833149534175,0.363166629906835
2024-01-02 11:30:00,11.167818192617966,93.4254554094373,0.05180147960929427,797.9472782256812,148.97363911284057,116.78181926179664,0.23356363852359327
2024-01-02 11:45:00,10.514787547703474,41.18300381627794,0.091233878065966,799.6022269654491,149.80111348272456,51.47875477034742,0.10295750954069484
2024-01-02 12:00:00,9.859545930446709,0.0,0.06128085779719902,799.9704075219943,149.98520376099714,0.0,0.028090813910658277
2024-01-02 12:15:00,9.20490755245734,0.0,0.0824608723980062,799.0502385885599,149.52511929427993,0.0,0.15901848950853187
2024-01-02 12:30:00,8.553684034479467,0.0,0.06333546973483137,796.845672218903,148.42283610945148,0.0,0.2892631931041068
2024-01-02 12:45:00,7.908672330699934,0.0,0.07935197055233353,793.3661768535322,146.68308842676612,0.0,0.4182655338600132
2024-01-02 13:00:00,7.272642716048395,0.0,0.083499292677145,788.6266966534948,144.31334832674742,0.0,0.5454714567903209
2024-01-02 13:15:00,6.648326888082677,0.0,0.06556235735943812,782.6475873163707,141.32379365818537,0.0,0.6703346223834648
2024-01-02 13:30:00,6.038406234560958,0.0,0.08262891563233855,775.4545286501404,137.72726432507025,0.0,0.7923187530878083
2024-01-02 13:45:00,5.445500317090614,0.0,0.07686187309295898,767.0784142804141,133.53920714020703,0.0,0.9108999365818772
2024-01-02 14:00:00,4.872155620315542,0.0,0.07959935992658945,757.5552189647196,128.77760948235982,0.0,1.0255688759368915
2024-01-02 14:15:00,4.3208346149633545,0.0,0.09453483451877832,746.9258440837277,123.46292204186388,0.0,1.135833077007329
2024-01-02 14:30:00,3.793905181725777,0.0,0.11485714016957546,735.2359419730133,117.61797098650665,0.0,1.2412189636548445
2024-01-02 14:45:00,3.293630441395875,0.0,0.12990667894489233,722.5357198498369,111.26785992491848,0.0,1.341273911720825
2024-01-02 15:00:00,2.82215903494086,0.0,0.11454036772190891,708.8797241770656,104.43986208853279,0.0,1.435568193011828
2024-01-02 15:15:00,2.381515895256829,0.0,0.1377309700128294,694.3266063903708,97.16330319518539,0.0,1.5236968209486341
2024-01-02 15:30:00,1.9735935502399986,0.0,0.129275508604964,678.9388709948902,89.4694354974451,0.0,1.6052812899520004
2024-01-02 15:45:00,1.6001439945270892,0.0,0.14230778722046422,662.7826071132558,81.39130355662795,0.0,1.6799712010945822
2024-01-02 16:00:00,1.262771164815092,0.0,0.15541292307095814,645.9272046379704,72.96360231898517,0.0,1.7474457670369814
2024-01-02 16:15:00,0.962924051078339,0.0,0.17809613726027207,628.4450562072341,64.22252810361701,0.0,1.8074151897843322
2024-01-02 16:30:00,0.7018904732696036,0.0,0.19392458188329745,610.411246284212,55.205623142106006,0.0,1.8596219053460792
2024-01-02 16:45:00,0.48079155023397036,0.0,0.18272221675404293,591.9032286751274,45.95161433756367,0.0,1.9038416899532058
2024-01-02 17:00:00,0.30057688459084986,0.0,0.2070773876412006,573.000493871206,36.50024693560302,0.0,1.93988462308183
2024-01-02 17:15:00,0.1620204842648416,0.0,0.17316660417642132,553.7842276432215,26.89211382161071,0.0,1.9675959031470318
2024-01-02 17:30:00,0.06571743818210862,0.0,0.2233433139580822,534.3369623549445,17.168481177472227,0.0,1.9868565123635782
2024-01-02 17:45:00,0.012081360409887054,0.0,0.20551255654260125,514.7422224930824,7.37111124654122,0.0,1.9975837279180226
2024-01-02 18:00:00,0.0013426137163321528,0.0,0.2426888336153336,495.08416593612696,0.0,0.0,1.9997314772567336
2024-01-02 18:15:00,0.03354732018041773,0.0,0.26014978241923936,475.4472225028337,0.0,0.0,1.9932905359639166
2024-01-02 18:30:00,0.10855716310120478,0.0,0.2235290569045642,455.9157313327399,0.0,0.0,1.978288567379759
2024-01-02 18:45:00,0.2260499810572778,0.0,0.25659178566919255,436.5735786561421,0.0,0.0,1.9547900037885444
2024-01-02 19:00:00,0.38552115156490174,0.0,0.25388631268035733,417.5038375092836,0.0,0.0,1.9228957696870197
2024-01-02 19:15:00,0.5862857583922167,0.0,0.2542036807670081,398.78841094214704,0.0,0.0,1.8827428483215567
2024-01-02 19:30:00,0.8274815332209933,0.0,0.25983113671842895,380.5076802512467,0.0,0.0,1.8345036933558012
2024-01-02 19:45:00,1.1080725590217746,0.0,0.2859537198061173,362.74015974823305,0.0,0.0,1.778385488195645
2024-01-02 20:00:00,1.4268537192366662,0.0,0.28574161375105794,345.56215954705135,0.0,0.0,1.7146292561526668
2024-01-02 20:15:00,1.7824558736609006,0.0,0.3255918578789432,329.04745781795816,0.0,0.0,1.6435088252678198
2024-01-02 20:30:00,2.1733517387931744,0.0,0.31845730780936293,313.2669839160377,0.0,0.0,1.565329652241365
2024-01-02 20:45:00,2.5978624473990877,0.0,0.3170607661944111,298.28851374515676,0.0,0.0,1.4804275105201825
2024-01-02 21:00:00,3.0541647591148937,0.0,0.3554875717179111,284.17637866574785,0.0,0.0,1.3891670481770213
2024-01-02 21:15:00,3.540298891122574,0.0,0.3360321990632965,270.991189196636,0.0,0.0,1.2919402217754852
2024-01-02 21:30:00,4.054176935264097,0.0,0.32350198882499137,258.78957469759087,0.0,0.0,1.1891646129471805
2024-01-02 21:45:00,4.593591825444008,0.0,0.33313429061955185,247.623940150646,0.0,0.0,1.0812816349111984
2024-01-02 22:00:00,5.156226816806066,0.0,0.37809041043638403,237.54224108479065,0.0,0.0,0.9687546366387868
2024-01-02 22:15:00,5.739665435971601,0.0,0.3576061028776362,228.58777761071548,0.0,0.0,0.8520669128056798
2024-01-02 22:30:00,6.341401859604084,0.0,0.3581975272476052,220.79900845021632,0.0,0.0,0.7317196280791831
2024-01-02 22:45:00,6.958851676724803,0.0,0.3529434676215367,214.20938575898543,0.0,0.0,0.6082296646550394
2024-01-02 23:00:00,7.589362988556319,0.0,0.3766301954071232,208.84721145221346,0.0,0.0,0.48212740228873624
2024-01-02 23:15:00,8.230227798220755,0.0,0.35071684528227876,204.73551565007267,0.0,0.0,0.353954440355849
2024-01-02 23:30:00,8.878693641375055,0.0,0.3557385352509449,201.8919577651476,0.0,0.0,0.22426127172498922
2024-01-02 23:45:00,9.531975407830519,0.0,0.36902459550078126,200.32875065663683,0.0,0.0,0.0936049184338963
2024-01-03 00:00:00,10.187267303383718,14.98138427069746,0.3512646658527553,200.0526081770754,0.0,18.726730338371823,0.03745346067674365
2024-01-03 00:15:00,10.841754900483624,67.34039203868983,0.3865688409378706,201.06471633686226,0.0,84.17549004836228,0.16835098009672456
2024-01-03 00:30:00,11.49262722597829,119.41017807826316,0.3923961942860682,203.3607282104382,0.0,149.26272259782894,0.2985254451956579
2024-01-03 00:45:00,12.137088834025176,170.9671067220141,0.34945590256958375,206.9307826059918,0.0,213.70888340251764,0.4274177668050353
2024-01-03 01:00:00,12.772371812312874,221.78974498502998,0.3833168534825509,211.75954641850888,0.0,277.2371812312875,0.554474362462575
2024-01-03 01:15:00,13.39574767002847,271.6598136022776,0.3472993346997578,217.8262804842616,0.0,339.574767002847,0.679149534005694
2024-01-03 01:30:00,14.00453905651265,320.36312452101197,0.34752083253448784,225.10492865389836,0.0,400.45390565126496,0.80090781130253
2024-01-03 01:45:00,14.596131260271836,367.6905008217469,0.35294317393560554,233.56422970157172,0.0,459.6131260271836,0.9192262520543673
2024-01-03 02:00:00,15.167983438959995,413.43867511679963,0.3343365090931196,243.1678515894638,0.0,516.7983438959996,1.033596687791999
2024-01-03 02:15:00,15.717639532098218,457.4111625678575,0.35651683027244957,253.87454751105298,0.0,571.7639532098219,1.1435279064196437
2024-01-03 02:30:00,16.242738809662807,499.4191047730245,0.34320932130761306,265.6383330429295,0.0,624.2738809662807,1.2485477619325613
2024-01-03 02:45:00,16.74102601123648,539.2820808989185,0.3517577192840264,278.4086836443046,0.0,674.102601123648,1.3482052022472961
2024-01-03 03:00:00,17.210361032175875,576.8288825740699,0.34882492963589784,292.13075165597076,0.0,721.0361032175874,1.4420722064351748
2024-01-03 03:15:00,17.648728115193954,611.8982492155162,0.29865370277548525,306.74560186671704,0.0,764.8728115193952,1.5297456230387905
2024-01-03 03:30:00,18.054244507880252,644.3395606304201,0.33206737977761097,322.1904646354624,0.0,805.4244507880252,1.6108489015760503
2024-01-03 03:45:00,18.42516854897554,674.0134839180433,0.32199274244999254,338.3990054819649,0.0,842.5168548975543,1.6850337097951085
2024-01-03 04:00:00,18.759907148671022,700.7925718936817,0.2845161835069363,355.3016099882376,0.0,875.9907148671023,1.7519814297342045
2024-01-03 04:15:00,19.05702263080471,724.5618104643767,0.26624688756975395,372.8256827870414,0.0,905.7022630804709,1.8114045261609417
2024-01-03 04:30:00,19.31523890756836,745.2191126054688,0.2712256123323151,390.8959593533211,0.0,931.5238907568361,1.8630477815136721
2024-01-03 04:45:00,19.533446960205026,762.675756816402,0.256503370764927,409.4348292594674,0.0,953.3446960205025,1.906689392041005
2024-01-03 05:00:00,19.710709602158047,776.8567681726437,0.24523443870547865,428.36266950604613,0.0,971.0709602158047,1.9421419204316093
2024-01-03 05:15:00,19.846265504214188,787.7012403371351,0.2718163460765629,447.598186496367,0.0,984.6265504214189,1.9692531008428378
2024-01-03 05:30:00,19.939532464353192,795.1625971482555,0.25877148028741304,467.05876518613724,0.0,993.9532464353193,1.9879064928706387
2024-01-03 05:45:00,19.990109908260013,799.208792660801,0.2518729612258021,486.66082390862914,0.0,999.0109908260013,1.9980219816520026
2024-01-03 06:00:00,19.99778060976024,799.8224487808192,0.24308786005301686,506.32017335141586,3.160086675707935,999.778060976024,1.999556121952048
2024-01-03 06:15:00,19.962511623789567,797.0009299031655,0.2102499467342484,525.952378142898,12.976189071449001,996.2511623789568,1.9925023247579137
2024-01-03 06:30:00,19.884454427890276,790.756354231222,0.19092443858258779,545.473119495635,22.73655974781753,988.4454427890274,1.976890885578055
2024-01-03 06:45:00,19.763944271626997,781.1155417301599,0.21212704464874682,564.7985573489572,32.39927867447857,976.3944271626999,1.9527888543253997
2024-01-03 07:00:00,19.60149873671602,768.1198989372817,0.19498469341702415,583.8456904554824,41.92284522774121,960.1498736716021,1.9202997473432042
2024-01-03 07:15:00,19.39781551405219,751.8252411241752,0.17876084388945368,602.532712864997,51.26635643249854,939.7815514052191,1.8795631028104383
2024-01-03 07:30:00,19.15376940718098,732.3015525744784,0.13961956645891105,620.7793652746271,60.38968263731356,915.3769407180979,1.8307538814361959
2024-01-03 07:45:00,18.87040857508552,709.6326860068417,0.13410361219939756,638.5072797362807,69.25363986814035,887.0408575085521,1.7740817150171042
2024-01-03 08:00:00,18.548950030425594,683.9160024340475,0.1576587203364084,655.6403162408682,77.82015812043409,854.8950030425594,1.7097900060851188
2024-01-03 08:15:00,18.190774412563187,655.2619530050551,0.13969137290827607,672.1048897337027,86.05244486685135,819.0774412563188,1.6381548825126377
2024-01-03 08:30:00,17.797420057824247,623.7936046259398,0.11429217131165252,687.8302861565619,93.91514307828095,779.7420057824247,1.5594840115648494
2024-01-03 08:45:00,17.370576392464162,589.6461113971329,0.1213695592960618,702.748966159053,101.37448307952648,737.0576392464162,1.4741152784928324
2024-01-03 09:00:00,16.912076676713873,552.9661341371097,0.09497441366646414,716.7968551748505,108.39842758742527,691.2076676713872,1.3824153353427744
2024-01-03 09:15:00,16.42389013107023,513.9112104856185,0.1339891669740767,729.913618616959,114.95680930847948,642.3890131070233,1.2847780262140465
2024-01-03 09:30:00,15.908113478647667,472.6490782918134,0.11469663291342153,742.0429210100543,121.02146050502718,590.8113478647667,1.1816226957295335
2024-01-03 09:45:00,15.366961939916028,429.35695519328226,0.08532638265247272,753.1326679469549,126.56633397347747,536.6961939916029,1.0733923879832057
2024-01-03 10:00:00,14.802759718501552,384.2207774801242,0.09759502018078872,763.1352298300341,131.56761491501703,480.27597185015526,0.9605519437003105
2024-01-03 10:15:00,14.217930018913677,337.4344015130941,0.11184290363498027,772.0076464366251,136.00382321831256,421.79300189136757,0.8435860037827352
2024-01-03 10:30:00,13.614984639070776,289.1987711256622,0.08529220841076102,779.711811429825,139.8559057149125,361.49846390707773,0.7229969278141555
2024-01-03 10:45:00,12.996513182324144,239.72105458593154,0.07182261632333731,786.2146360222373,143.10731801111865,299.65131823241444,0.5993026364648288
2024-01-03 11:00:00,12.365171935313679,189.21375482509433,0.06645148220577538,791.4881910897318,145.74409554486593,236.51719353136792,0.4730343870627358
2024-01-03 11:15:00,11.72367245942408,137.89379675392638,0.08229457352013905,795.5098271248531,147.75491356242657,172.36724594240798,0.344734491884816
2024-01-03 11:30:00,11.074769944840313,85.98159558722496,0.08860185953889402,798.2622715146874,149.1311357573437,107.4769944840312,0.2149539889680624
2024-01-03 11:45:00,10.421251377220782,33.70011017766262,0.06536137342855222,799.7337027253869,149.86685136269347,42.12513772207828,0.08425027544415656
2024-01-03 12:00:00,9.765923567811441,0.0,0.05928029736552914,799.9178010747353,149.95890053736764,0.0,0.04681528643771158
2024-01-03 12:15:00,9.11160109841053,0.0,0.08616901897526183,798.8137758746896,149.40688793734478,0.0,0.17767978031789408
2024-01-03 12:30:00,8.461094232959407,0.0,0.10076455079075036,796.4263688273234,148.21318441366168,0.0,0.30778115340811846
2024-01-03 12:45:00,7.817196847678252,0.0,0.08015679323694726,792.7658336595869,146.38291682979346,0.0,0.4365606304643495
2024-01-03 13:00:00,7.182674431585728,0.0,0.10300996931221955,787.8478920843496,143.9239460421748,0.0,0.5634651136828545
2024-01-03 13:15:00,6.560252208939474,0.0,0.09555645426420861,781.6936662768705,140.84683313843527,0.0,0.6879495582121051
2024-01-03 13:30:00,5.952603434610607,0.0,0.09698651200926368,774.3295881567041,137.16479407835203,0.0,0.8094793130778787
2024-01-03 13:45:00,5.362337912662667,0.0,0.11050768829073288,765.7872858646679,132.89364293233393,0.0,0.9275324174674666
2024-01-03 14:00:00,4.7919907874468475,0.0,0.07902167239043521,756.103447922447,128.05172396122347,0.0,1.0416018425106306
2024-01-03 14:15:00,4.244011655354849,0.0,0.09318473659831064,745.3196656582559,122.65983282912791,0.0,1.1511976689290302
2024-01-03 14:30:00,3.720754043993553,0.0,0.12963676875362723,733.48225457533,116.74112728766497,0.0,1.2558491912012895
2024-01-03 14:45:00,3.224465303967621,0.0,0.13762652488188892,720.6420554304538,110.32102771522689,0.0,1.3551069392064758
2024-01-03 15:00:00,2.757276956684037,0.0,0.11605744628984328,706.8542158768782,103.4271079384391,0.0,1.4485446086631926
2024-01-03 15:15:00,2.3211955396340143,0.0,0.14296145635603047,692.1779536094535,96.08897680472677,0.0,1.535760892073197
2024-01-03 15:30:00,1.918093988471064,0.0,0.1415732075542779,676.6763020292517,88.33815101462586,0.0,1.616381202305787
2024-01-03 15:45:00,1.5497035928985312,0.0,0.15328934834172947,660.4158395200279,80.20791976001395,0.0,1.690059281420294
2024-01-03 16:00:00,1.2176065609154278,0.0,0.17556573505596232,643.4664034992581,71.7332017496291,0.0,1.7564786878169145
2024-01-03 16:15:00,0.9232292233565644,0.0,0.17218401887408513,625.9007904718819,62.95039523594094,0.0,1.815354155328687
2024-01-03 16:30:00,0.6678359079129272,0.0,0.14663477465908215,607.7944433749938,53.897221687496874,0.0,1.8664328184174144
2024-01-03 16:45:00,0.45252350894291027,0.0,0.19782013887587163,589.2251275563171,44.6125637781586,0.0,1.909495298211418
2024-01-03 17:00:00,0.27821677639664877,0.0,0.17178371261591016,570.2725967781046,35.136298389052314,0.0,1.9443566447206702
2024-01-03 17:15:00,0.1456643440871659,0.0,0.18934433670523002,551.0182506809527,25.509125340476363,0.0,1.9708671311825667
2024-01-03 17:30:00,0.055435514366555694,0.0,0.19868319404669266,531.5447851786987,15.772392589349355,0.0,1.988912897126689
2024-01-03 17:45:00,0.007917813016817377,0.0,0.20855852345055542,511.93583728592415,5.967918642962088,0.0,1.9984164373966364
2024-01-03 18:00:00,0.0033153248568691396,0.0,0.2095216174847023,492.2756259035047,0.0,0.0,1.9993369350286263
2024-01-03 18:15:00,0.04164781721416588,0.0,0.2142980543914272,472.64859010500305,0.0,0.0,1.9916704365571667
2024-01-03 18:30:00,0.12275065502558569,0.0,0.250611045488185,453.1390264774384,0.0,0.0,1.9754498689948827
2024-01-03 18:45:00,0.24627550793216635,0.0,0.28155941533224604,433.8307270740233,0.0,0.0,1.9507448984135667
2024-01-03 19:00:00,0.4116918463308128,0.0,0.25325931986043915,414.8066195338347,0.0,0.0,1.9176616307338374
2024-01-03 19:15:00,0.618289219957548,0.0,0.27154922952213917,396.14841091407607,0.0,0.0,1.8763421560084905
2024-01-03 19:30:00,0.8651803092159387,0.0,0.3050557559594645,377.936236764643,0.0,0.0,1.8269639381568121
2024-01-03 19:45:00,1.15130473614553,0.0,0.29351548038264663,360.2483169521906,0.0,0.0,1.769739052770894
2024-01-03 20:00:00,1.4754336186624144,0.0,0.3047863368479245,343.1606197119105,0.0,0.0,1.7049132762675172
2024-01-03 20:15:00,1.8361748485118863,0.0,0.3240083216996621,326.7465353698896,0.0,0.0,1.6327650302976227
2024-01-03 20:30:00,2.2319790702647557,0.0,0.29678871087040004,311.07656113738693,0.0,0.0,1.5536041859470489
2024-01-03 20:45:00,2.661146335677995,0.0,0.3283573602805868,296.2179983308129,0.0,0.0,1.467770732864401
2024-01-03 21:00:00,3.121833404839779,0.0,0.3416368886279084,282.2346633178281,0.0,0.0,1.3756333190320442
2024-01-03 21:15:00,3.6120616627410556,0.0,0.34804768576217876,269.18661343102406,0.0,0.0,1.277587667451789
2024-01-03 21:30:00,4.129725617272591,0.0,0.3682133293322823,257.12988902636715,0.0,0.0,1.174054876545482
2024-01-03 21:45:00,4.6726019421492655,0.0,0.3538021675545008,246.11627279424297,0.0,0.0,1.0654796115701468
2024-01-03 22:00:00,5.238359025922957,0.0,0.380913117535569,236.19306735684256,0.0,0.0,0.9523281948154086
2024-01-03 22:15:00,5.824566986071739,0.0,0.3739733694798872,227.40289210709142,0.0,0.0,0.8350866027856522
2024-01-03 22:30:00,6.428708105155688,0.0,0.3879731349912196,219.78350016168343,0.0,0.0,0.7142583789688624
2024-01-03 22:45:00,7.048187644216792,0.0,0.3461092365295878,213.36761621439047,0.0,0.0,0.5903624711566414
2024-01-03 23:00:00,7.680344986980284,0.0,0.3850402070829233,208.1827959860571,0.0,0.0,0.4639310026039431
2024-01-03 23:15:00,8.322465066993894,0.0,0.3829122485219191,204.25130787492952,0.0,0.0,0.33550698660122114
2024-01-03 23:30:00,8.971790028626378,0.0,0.38041158605855396,201.59003731562342,0.0,0.0,0.20564199427472435
2024-01-03 23:45:00,9.625531071842223,0.0,0.39546128154294696,200.21041425749974,0.0,0.0,0.07489378563155537
2024-01-04 00:00:00,10.280880429880156,22.470434390412453,0.3652135168824335,200.11836407392445,0.0,28.088042988015566,0.05617608597603113
2024-01-04 00:15:00,10.935023428392258,74.80187427138063,0.3528463076952418,201.31428211325226,0.0,93.50234283922579,0.18700468567845158
2024-01-04 00:30:00,11.585150574250628,126.81204594005028,0.3637632418486636,203.79303200083615,0.0,158.51505742506285,0.3170301148501257
2024-01-04 00:45:00,12.228469622101109,178.27756976808865,0.3564794141036715,207.54396769935596,0.0,222.84696221011083,0.44569392442022165
2024-01-04 01:00:00,12.862217566839163,228.9774053471331,0.3799463111409373,212.5509792327174,0.0,286.22175668391634,0.5724435133678327
2024-01-04 01:15:00,13.48367251050118,278.69380084009435,0.3733219098276507,218.7925618771426,0.0,348.36725105011794,0.6967345021002359
2024-01-04 01:30:00,14.09016535260379,327.21322820830324,0.3752041128349083,226.24190852228003,0.0,409.01653526037904,0.8180330705207581
2024-01-04 01:45:00,14.679091253722156,374.32730029777235,0.3521858723027144,234.86702480565174,0.0,467.90912537221544,0.9358182507444309
2024-01-04 02:00:00,15.247920823071995,419.83366584575964,0.37313872037679513,244.63086652594293,0.0,524.7920823071995,1.049584164614399
2024-01-04 02:15:00,15.794210982045625,463.53687856364996,0.36615556300460295,255.491498744956,0.0,579.4210982045624,1.158842196409125
2024-01-04 02:30:00,16.31561545704389,505.24923656351126,0.35986151367982405,267.402275894897,0.0,631.561545704389,1.263123091408778
2024-01-04 02:45:00,16.809894856538193,544.7915885230553,0.3323812838975796,280.3120421174492,0.0,680.9894856538191,1.3619789713076382
2024-01-04 03:00:00,17.27492628908231,581.9941031265847,0.3277200359863278,294.1653509741925,0.0,727.4926289082309,1.454985257816462
2024-01-04 03:15:00,17.70871248096551,616.6969984772409,0.3328020086963568,308.9027035847286,0.0,770.8712480965511,1.541742496193102
2024-01-04 03:30:00,18.109390354347248,648.7512283477799,0.3265520803246864,324.4608041697297,0.0,810.9390354347249,1.6218780708694498
2024-01-04 03:45:00,18.475239029031105,678.0191223224883,0.3229402255189309,340.7728319013703,0.0,847.5239029031104,1.6950478058062208
2024-01-04 04:00:00,18.804687213510917,704.3749770808732,0.31721922609780595,357.7687278935684,0.0,880.4687213510915,1.760937442702183
2024-01-04 04:15:00,19.096319953545176,727.7055962836142,0.2719127727275629,375.3754960994331,0.0,909.6319953545178,1.8192639907090355
2024-01-04 04:30:00,19.348884709275083,747.9107767420065,0.28244808349817946,393.51751682359003,0.0,934.8884709275081,1.8697769418550163
2024-01-04 04:45:00,19.561296734785458,764.9037387828366,0.24819954080648948,412.1168715028706,0.0,956.1296734785457,1.9122593469570914
2024-01-04 05:00:00,19.732643737003823,778.6114989603058,0.245132570839103,431.09367736046033,0.0,973.2643737003822,1.9465287474007644
2024-01-04 05:15:00,19.862189793927932,788.9751835142346,0.23810556816970657,450.3664304961913,0.0,986.2189793927932,1.9724379587855865
2024-01-04 05:30:00,19.94937851535335,795.9502812282678,0.2637956302335604,469.85235593943196,0.0,994.9378515353349,1.9898757030706697
2024-01-04 05:45:00,19.99383543252594,799.5068346020754,0.21000527301259103,489.46776316112664,0.0,999.3835432525942,1.9987670865051885
2024-01-04 06:00:00,19.995369606455967,799.6295685164774,0.21333233179543107,509.12840551808614,4.5642027590430825,999.5369606455969,1.9990739212911937
2024-01-04 06:15:00,19.953974447986127,796.3179558388902,0.19880199135446788,528.7498420857456,14.374921042872822,995.3974447986127,1.9907948895972254
2024-01-04 06:30:00,19.86982774609148,789.5862196873186,0.19639143972136552,548.2478003253456,24.123900162672776,986.9827746091482,1.9739655492182964
2024-01-04 06:45:00,19.74329090428968,779.4632723431745,0.19986474443699287,567.5385380279089,33.76926901395443,974.3290904289681,1.9486581808579362
2024-01-04 07:00:00,19.574907388441062,765.992591075285,0.19340501106699626,586.5392029804932,43.269601490246586,957.4907388441062,1.9149814776882124
2024-01-04 07:15:00,19.365400392605185,749.2320314084149,0.17848948757572508,605.1681888099794,52.58409440498967,936.5400392605186,1.873080078521037
2024-01-04 07:30:00,19.115669732978795,729.2535786383037,0.14972413732474998,623.3454854760754,61.67274273803769,911.5669732978796,1.8231339465957592
2024-01-04 07:45:00,18.82678798325548,706.1430386604384,0.155411657672261,640.9930229081951,70.4965114540976,882.678798325548,1.765357596651096
2024-01-04 08:00:00,18.499995868005353,679.9996694404282,0.14305586322053349,658.0350063103191,79.01750315515955,849.9995868005352,1.6999991736010704
2024-01-04 08:15:00,18.13669693385988,650.9357547087906,0.1471337765925629,674.3982416937275,87.19912084686376,813.6696933859882,1.6273393867719765
2024-01-04 08:30:00,17.73845152138857,619.0761217110854,0.11149730222420648,690.0124502394704,95.0062251197352,773.8451521388567,1.5476903042777135
2024-01-04 08:45:00,17.306970063558072,584.5576050846457,0.11025233309940621,704.8105701404097,102.40528507020485,730.6970063558072,1.4613940127116143
2024-01-04 09:00:00,16.84410573955605,547.5284591644838,0.10992098116027986,718.7290446264476,109.36452231322379,684.4105739556048,1.3688211479112096
2024-01-04 09:15:00,16.35184651553117,508.1477212424938,0.11785693280317688,731.7080949358939,115.85404746794693,635.1846515531172,1.2703693031062344
2024-01-04 09:30:00,15.832306606433676,466.584528514694,0.12672455706574662,743.6919770605821,121.84598853029101,583.2306606433675,1.166461321286735
2024-01-04 09:45:00,15.287717395627133,423.0173916501706,0.08365343440929883,754.6292211620341,127.31461058101709,528.7717395627133,1.0575434791254266
2024-01-04 10:00:00,14.720417851271062,377.633428101685,0.08560572131172602,764.4728526304003,132.23642631520016,472.04178512710627,0.9440835702542125
2024-01-04 10:15:00,14.132844480635212,330.627558450817,0.09164400663123444,773.1805938367418,136.59029691837088,413.2844480635212,0.8265688961270424
2024-01-04 10:30:00,13.52752086549099,282.2016692392792,0.06454654662768498,780.7150457121478,140.3575228560739,352.75208654909903,0.705504173098198
2024-01-04 10:45:00,12.9070468235247,232.56374588197605,0.08843672214902122,787.0438483738183,143.5219241869091,290.70468235247006,0.5814093647049401
2024-01-04 11:00:00,12.274087242323477,181.92697938587816,0.09334790058464994,792.1398201082343,146.06991005411714,227.4087242323477,0.4548174484646954
2024-01-04 11:15:00,11.63136063389107,130.50885071128562,0.052061931396356884,795.9810741144972,147.99053705724862,163.13606338910702,0.32627212677821404
2024-01-04 11:30:00,10.981627458850948,78.53019670807583,0.06159911258429204,798.5511125064297,149.27555625321486,98.16274588509478,0.19632549177018957
2024-01-04 11:45:00,10.327678270483352,26.214261638668113,0.08535000879648443,799.8388971697098,149.91944858485485,32.76782704833514,0.06553565409667028
2024-01-04 12:00:00,9.672321729516737,0.0,0.06272836973376437,799.8388971697098,149.91944858485488,0.0,0.06553565409665264
2024-01-04 12:15:00,9.018372541149139,0.0,0.07118073121523949,798.55111250643,149.27555625321494,0.0,0.19632549177017203
2024-01-04 12:30:00,8.368639366109017,0.0,0.0549586615676947,795.9810741144975,147.99053705724876,0.0,0.3262721267781966
2024-01-04 12:45:00,7.725912757676609,0.0,0.07764866737232015,792.1398201082347,146.06991005411737,0.0,0.45481744846467825
2024-01-04 13:00:00,7.092953176475384,0.0,0.0715060320929404,787.0438483738187,143.52192418690933,0.0,0.5814093647049232
2024-01-04 13:15:00,6.472479134509093,0.0,0.06639120909889666,780.7150457121484,140.35752285607418,0.0,0.7055041730981815
2024-01-04 13:30:00,5.867155519364868,0.0,0.06990259654823879,773.1805938367424,136.59029691837122,0.0,0.8265688961270264
2024-01-04 13:45:00,5.279582148729015,0.0,0.09417646608625477,764.4728526304011,132.23642631520056,0.0,0.944083570254197
2024-01-04 14:00:00,4.712282604372941,0.0,0.07487133446506536,754.629221162035,127.31461058101755,0.0,1.0575434791254117
2024-01-04 14:15:00,4.167693393566397,0.0,0.08621555226822877,743.691977060583,121.8459885302915,0.0,1.1664613212867205
2024-01-04 14:30:00,3.648153484468896,0.0,0.10553603989962447,731.7080949358949,115.85404746794747,0.0,1.2703693031062209
2024-01-04 14:45:00,3.1558942604440166,0.0,0.1396386264109944,718.7290446264487,109.36452231322437,0.0,1.3688211479111967
2024-01-04 15:00:00,2.693029936441988,0.0,0.10439345823948538,704.810570140411,102.40528507020547,0.0,1.4613940127116023
2024-01-04 15:15:00,2.2615484786114894,0.0,0.13622193443659789,690.0124502394717,95.00622511973586,0.0,1.5476903042777022
2024-01-04 15:30:00,1.863303066140169,0.0,0.12035609120841997,674.3982416937289,87.19912084686445,0.0,1.6273393867719663
2024-01-04 15:45:00,1.5000041319946753,0.0,0.1566663465441686,658.0350063103206,79.01750315516026,0.0,1.699999173601065
2024-01-04 16:00:00,1.1732120167445448,0.0,0.17422996884052172,640.9930229081967,70.49651145409834,0.0,1.765357596651091
2024-01-04 16:15:00,0.8843302670212267,0.0,0.17339668705554273,623.3454854760769,61.672742738038465,0.0,1.8231339465957548
2024-01-04 16:30:00,0.6345996073948328,0.0,0.19581211279125102,605.168188809981,52.58409440499047,0.0,1.8730800785210333
2024-01-04 16:45:00,0.42509261155895395,0.0,0.1957785095089638,586.5392029804948,43.26960149024739,0.0,1.9149814776882093
2024-01-04 17:00:00,0.25670909571033107,0.0,0.19217915674616262,567.5385380279105,33.76926901395525,0.0,1.948658180857934
2024-01-04 17:15:00,0.13017225390852616,0.0,0.1785747678195822,548.2478003253473,24.12390016267361,0.0,1.9739655492182946
2024-01-04 17:30:00,0.04602555201387659,0.0,0.20883489824737902,528.7498420857473,14.374921042873664,0.0,1.9907948895972245
2024-01-04 17:45:00,0.004630393544033495,0.0,0.22693584235838332,509.12840551808785,4.564202759043927,0.0,1.9990739212911934
2024-01-04 18:00:00,0.00616456747405536,0.0,0.24509885264791353,489.46776316112835,0.0,0.0,1.9987670865051888
2024-01-04 18:15:00,0.05062148464664595,0.0,0.25886162388320605,469.85235593943366,0.0,0.0,1.9898757030706709
2024-01-04 18:30:00,0.13781020607205896,0.0,0.23949636206446073,450.36643049619295,0.0,0.0,1.9724379587855883
2024-01-04 18:45:00,0.26735626299616655,0.0,0.2362536933250327,431.09367736046204,0.0,0.0,1.9465287474007669
2024-01-04 19:00:00,0.43870326521452796,0.0,0.2607906808227792,412.1168715028722,0.0,0.0,1.9122593469570945
2024-01-04 19:15:00,0.6511152907248992,0.0,0.3028313138603096,393.5175168235916,0.0,0.0,1.86977694185502
2024-01-04 19:30:00,0.9036800464548005,0.0,0.26887115732478245,375.3754960994347,0.0,0.0,1.81926399070904
2024-01-04 19:45:00,1.1953127864890583,0.0,0.2732946483735404,357.76872789356986,0.0,0.0,1.7609374427021882
2024-01-04 20:00:00,1.5247609709688668,0.0,0.29237100856465087,340.7728319013718,0.0,0.0,1.6950478058062266
2024-01-04 20:15:00,1.8906096456527202,0.0,0.3019140533162263,324.4608041697311,0.0,0.0,1.621878070869456
2024-01-04 20:30:00,2.291287519034456,0.0,0.3175759828815957,308.9027035847299,0.0,0.0,1.5417424961931088
2024-01-04 20:45:00,2.7250737109176546,0.0,0.3122824002101306,294.16535097419376,0.0,0.0,1.454985257816469
2024-01-04 21:00:00,3.1901051434617713,0.0,0.34035747993885546,280.31204211745035,0.0,0.0,1.3619789713076458
2024-01-04 21:15:00,3.684384542956068,0.0,0.33891371310374707,267.402275894898,0.0,0.0,1.2631230914087863
2024-01-04 21:30:00,4.205789017954333,0.0,0.36334031035720254,255.49149874495697,0.0,0.0,1.1588421964091333
2024-01-04 21:45:00,4.752079176927959,0.0,0.3479212977426989,244.63086652594384,0.0,0.0,1.0495841646144082
2024-01-04 22:00:00,5.320908746277799,0.0,0.3716857842152878,234.86702480565248,0.0,0.0,0.9358182507444402
2024-01-04 22:15:00,5.909834647396162,0.0,0.35324619169412275,226.2419085222807,0.0,0.0,0.8180330705207677
2024-01-04 22:30:00,6.516327489498771,0.0,0.3774713525847851,218.79256187714316,0.0,0.0,0.6967345021002458
2024-01-04 22:45:00,7.137782433160786,0.0,0.36275225765283814,212.5509792327179,0.0,0.0,0.5724435133678428
2024-01-04 23:00:00,7.7715303778988405,0.0,0.3870565847686968,207.5439676993563,0.0,0.0,0.4456939244202319
2024-01-04 23:15:00,8.41484942574932,0.0,0.37174810105118994,203.79303200083643,0.0,0.0,0.3170301148501361
2024-01-04 23:30:00,9.064976571607689,0.0,0.39335004492419895,201.31428211325243,0.0,0.0,0.18700468567846207
2024-01-04 23:45:00,9.719119570119792,0.0,0.39813106608834425,200.1183640739245,0.0,0.0,0.056176085976041665
2024-01-05 00:00:00,10.374468928157723,29.957514252617933,0.39742473462930694,200.21041425749968,0.0,37.446892815772415,0.07489378563154483
2024-01-05 00:15:00,11.028209971373569,82.25679770988555,0.39058502606312434,201.5900373156232,0.0,102.82099713735693,0.20564199427471386
2024-01-05 00:30:00,11.677534933006054,134.2027946404843,0.3701397815274861,204.25130787492924,0.0,167.75349330060538,0.33550698660121075
2024-01-05 00:45:00,12.319655013019664,185.57240104157316,0.35148341591430954,208.1827959860567,0.0,231.96550130196644,0.4639310026039329
2024-01-05 01:00:00,12.951812355783156,236.14498846265252,0.3510921758631697,213.36761621439,0.0,295.18123557831564,0.5903624711566313
2024-01-05 01:15:00,13.571291894844261,285.70335158754096,0.34560706881156594,219.7835001616828,0.0,357.12918948442626,0.7142583789688525
2024-01-05 01:30:00,14.175433013928213,334.034641114257,0.3469737693996099,227.40289210709074,0.0,417.54330139282126,0.8350866027856425
2024-01-05 01:45:00,14.761640974076997,380.9312779261598,0.3628760255372731,236.1930673568417,0.0,476.1640974076997,0.9523281948153994
2024-01-05 02:00:00,15.32739805785069,426.19184462805515,0.3272482775076278,246.1162727942421,0.0,532.7398057850689,1.065479611570138
2024-01-05 02:15:00,15.870274382727366,469.6219506181894,0.35367280513497296,257.1298890263662,0.0,587.0274382727367,1.1740548765454735
2024-01-05 02:30:00,16.387938337258905,511.0350669807124,0.34575874713229665,269.18661343102303,0.0,638.7938337258905,1.277587667451781
2024-01-05 02:45:00,16.87816659516018,550.2533276128146,0.3222843924986363,282.23466331782697,0.0,687.8166595160183,1.3756333190320365
2024-01-05 03:00:00,17.33885366432197,587.1082931457576,0.3347581936665205,296.2179983308117,0.0,733.885366432197,1.4677707328643939
2024-01-05 03:15:00,17.76802092973521,621.4416743788169,0.3352270112861395,311.0765611373856,0.0,776.8020929735211,1.5536041859470422
2024-01-05 03:30:00,18.163825151488084,653.1060121190467,0.30779370050525884,326.74653536988825,0.0,816.3825151488084,1.6327650302976167
2024-01-05 03:45:00,18.524566381337557,681.9653105070047,0.30434297807974403,343.1606197119091,0.0,852.4566381337559,1.7049132762675117
2024-01-05 04:00:00,18.848695263854445,707.8956211083556,0.2775806942889816,360.24831695218904,0.0,884.8695263854445,1.769739052770889
2024-01-05 04:15:00,19.134819690784038,730.7855752627231,0.2676969462119878,377.9362367646414,0.0,913.4819690784038,1.8269639381568077
2024-01-05 04:30:00,19.381710780042432,750.5368624033947,0.281932374401777,396.1484109140745,0.0,938.1710780042433,1.8763421560084868
2024-01-05 04:45:00,19.58830815366917,767.0646522935338,0.2906869318222311,414.8066195338331,0.0,958.8308153669171,1.9176616307338343
2024-01-05 05:00:00,19.753724492067825,780.2979593654258,0.26114903350304147,433.83072707402164,0.0,975.3724492067822,1.9507448984135645
2024-01-05 05:15:00,19.877249344974405,790.1799475979524,0.2360716765526424,453.13902647743674,0.0,987.7249344974405,1.975449868994881
2024-01-05 05:30:00,19.958352182785827,796.6681746228662,0.242823799476115,472.6485901050014,0.0,995.8352182785828,1.9916704365571656
2024-01-05 05:45:00,19.99668467514313,799.7347740114504,0.20994474429375878,492.275625903503,0.0,999.6684675143131,1.999336935028626
2024-01-05 06:00:00,19.992082186983183,799.3665749586547,0.20384033766130275,511.9358372859225,5.967918642961243,999.2082186983184,1.9984164373966369
2024-01-05 06:15:00,19.94456448563345,795.565158850676,0.1941898401832838,531.544785178697,15.772392589348513,994.456448563345,1.98891289712669
2024-01-05 06:30:00,19.85433565591284,788.3468524730275,0.19200835865901783,551.018250680951,25.50912534047553,985.4335655912844,1.9708671311825687
2024-01-05 06:45:00,19.721783223603364,777.742657888269,0.1817123933674227,570.272596778103,35.1362983890515,972.1783223603363,1.9443566447206726
2024-01-05 07:00:00,19.547476491057104,763.7981192845684,0.16982240934338486,589.2251275563156,44.6125637781578,954.7476491057105,1.909495298211421
2024-01-05 07:15:00,19.33216409208709,746.5731273669672,0.17943538475542103,607.7944433749922,53.89722168749609,933.216409208709,1.8664328184174181
2024-01-05 07:30:00,19.076770776643457,726.1416621314766,0.1620687151103679,625.9007904718803,62.95039523594017,907.6770776643457,1.8153541553286914
2024-01-05 07:45:00,18.7823934390846,702.5914751267678,0.13605379174363724,643.4664034992568,71.73320174962836,878.2393439084598,1.7564786878169196
2024-01-05 08:00:00,18.450296407101497,676.0237125681199,0.1281995198752128,660.4158395200265,80.20791976001324,845.0296407101498,1.6900592814202997
2024-01-05 08:15:00,18.081906011528964,646.5524809223173,0.131702982174759,676.6763020292503,88.33815101462517,808.1906011528966,1.6163812023057933
2024-01-05 08:30:00,17.678804460366017,614.3043568292815,0.14223315553265467,692.1779536094523,96.08897680472613,767.8804460366019,1.5357608920732038
2024-01-05 08:45:00,17.242723043315998,579.4178434652799,0.14042134368154702,706.854215876877,103.4271079384385,724.2723043315999,1.4485446086632
2024-01-05 09:00:00,16.775534696032416,542.0427756825934,0.0948523253474585,720.6420554304526,110.32102771522632,677.5534696032419,1.3551069392064836
2024-01-05 09:15:00,16.279245956006488,502.3396764805191,0.1192175349276379,733.4822545753289,116.74112728766445,627.9245956006488,1.2558491912012977
2024-01-05 09:30:00,15.755988344645194,460.47906757161553,0.12699166740775616,745.3196656582548,122.65983282912742,575.5988344645194,1.1511976689290389
2024-01-05 09:45:00,15.208009212553199,416.64073700425587,0.08407919700297227,756.1034479224461,128.05172396122302,520.8009212553198,1.0416018425106397
2024-01-05 10:00:00,14.63766208733738,371.0129669869904,0.07068221195532091,765.7872858646671,132.89364293233353,463.76620873373804,0.9275324174674761
2024-01-05 10:15:00,14.047396565389441,323.79172523115534,0.09772259276613615,774.3295881567034,137.1647940783517,404.7396565389442,0.8094793130778883
2024-01-05 10:30:00,13.439747791060576,275.179823284846,0.06539412125553466,781.69366627687,140.846833138435,343.9747791060575,0.687949558212115
2024-01-05 10:45:00,12.817325568414322,225.38604547314583,0.0982091528161557,787.847892084349,143.92394604217455,281.73255684143226,0.5634651136828646
2024-01-05 11:00:00,12.1828031523218,174.6242521857439,0.09021772490060034,792.7658336595865,146.38291682979326,218.2803152321799,0.4365606304643598
2024-01-05 11:15:00,11.538905767040644,123.11246136325154,0.10156132961315628,796.4263688273231,148.21318441366154,153.89057670406442,0.30778115340812884
2024-01-05 11:30:00,10.888398901589524,71.07191212716182,0.08472124545863113,798.8137758746893,149.4068879373447,88.83989015895229,0.17767978031790457
2024-01-05 11:45:00,10.23407643218861,18.726114575088847,0.0632451233570996,799.9178010747353,149.95890053736764,23.407643218861057,0.04681528643772211
2024-01-05 12:00:00,9.578748622779269,0.0,0.06628433625104589,799.733702725387,149.8668513626935,0.0,0.08425027544414604
2024-01-05 12:15:00,8.92523005515974,0.0,0.08991729835575099,798.2622715146877,149.1311357573438,0.0,0.2149539889680519
2024-01-05 12:30:00,8.276327540575972,0.0,0.0535641490737966,795.5098271248535,147.7549135624267,0.0,0.3447344918848056
2024-01-05 12:45:00,7.634828064686372,0.0,0.0589036800139293,791.4881910897323,145.74409554486613,0.0,0.47303438706272555
2024-01-05 13:00:00,7.003486817675906,0.0,0.09377111456950313,786.2146360222378,143.1073180111189,0.0,0.5993026364648188
2024-01-05 13:15:00,6.3850153609292715,0.0,0.09502659780785475,779.7118114298256,139.8559057149128,0.0,0.7229969278141456
2024-01-05 13:30:00,5.782069981086372,0.0,0.0736584453243369,772.0076464366258,136.0038232183129,0.0,0.8435860037827256
2024-01-05 13:45:00,5.197240281498494,0.0,0.11104806349022824,763.1352298300349,131.56761491501743,0.0,0.9605519437003013
2024-01-05 14:00:00,4.633038060084016,0.0,0.08291577680944885,753.1326679469558,126.56633397347791,0.0,1.0733923879831968
2024-01-05 14:15:00,4.091886521352375,0.0,0.11113293039327363,742.0429210100554,121.02146050502768,0.0,1.181622695729525
2024-01-05 14:30:00,3.5761098689298088,0.0,0.10135655951387183,729.9136186169601,114.95680930848002,0.0,1.2847780262140382
2024-01-05 14:45:00,3.087923323286166,0.0,0.13719586950158083,716.7968551748518,108.39842758742586,0.0,1.3824153353427668
2024-01-05 15:00:00,2.6294236075358732,0.0,0.1080264811862592,702.7489661590541,101.3744830795271,0.0,1.4741152784928253
2024-01-05 15:15:00,2.2025799421757863,0.0,0.10849490063475536,687.8302861565633,93.91514307828162,0.0,1.5594840115648427
2024-01-05 15:30:00,1.809225587436842,0.0,0.15348090021205513,672.1048897337041,86.05244486685206,0.0,1.6381548825126317
2024-01-05 15:45:00,1.4510499695744326,0.0,0.12439201261920035,655.6403162408697,77.8201581204348,0.0,1.7097900060851134
2024-01-05 16:00:00,1.129591424914512,0.0,0.14383447571244107,638.5072797362832,69.25363986814158,0.0,1.7740817150170978
2024-01-05 16:15:00,0.8462305928190474,0.0,0.15845733557944489,620.7793652746296,60.38968263731483,0.0,1.8307538814361903
2024-01-05 16:30:00,0.6021844859478325,0.0,0.18170161082368888,602.5327128649997,51.26635643249984,0.0,1.8795631028104336
2024-01-05 16:45:00,0.3985012632839986,0.0,0.16334905111897027,583.845690455485,41.92284522774254,0.0,1.9202997473432002
2024-01-05 17:00:00,0.23605572837301736,0.0,0.1709940176320837,564.7985573489598,32.399278674479916,0.0,1.9527888543253966
2024-01-05 17:15:00,0.11554557210973648,0.0,0.18188225485530246,545.4731194956378,22.736559747818895,0.0,1.9768908855780527
2024-01-05 17:30:00,0.037488376210438545,0.0,0.20373532592247617,525.9523781429008,12.976189071450372,0.0,1.9925023247579123
2024-01-05 17:45:00,0.0022193902397624754,0.0,0.24051058276311077,506.32017335141865,3.1600866757093127,0.0,1.9995561219520477
2024-01-05 18:00:00,0.00989009173998312,0.0,0.2080037183991568,486.6608239086319,0.0,0.0,1.9980219816520033
2024-01-05 18:15:00,0.060467535646798964,0.0,0.262706224248505,467.05876518614,0.0,0.0,1.9879064928706403
2024-01-05 18:30:00,0.15373449578579823,0.0,0.27287179126281,447.59818649636975,0.0,0.0,1.9692531008428402
2024-01-05 18:45:00,0.28929039784193655,0.0,0.25303792192944846,428.36266950604875,0.0,0.0,1.9421419204316126
2024-01-05 19:00:00,0.4665530397949542,0.0,0.2755180935149059,409.43482925947,0.0,0.0,1.9066893920410093
2024-01-05 19:15:00,0.6847610924316143,0.0,0.2764199775087831,390.89595935332363,0.0,0.0,1.8630477815136772
2024-01-05 19:30:00,0.9429773691952619,0.0,0.3015308048472139,372.8256827870439,0.0,0.0,1.8114045261609477
2024-01-05 19:45:00,1.240092851328944,0.0,0.2746021721737274,355.30160998824,0.0,0.0,1.7519814297342113
2024-01-05 20:00:00,1.5748314510244192,0.0,0.2825141890458643,338.39900548196715,0.0,0.0,1.6850337097951162
2024-01-05 20:15:00,1.9457554921197069,0.0,0.3329169573624159,322.19046463546465,0.0,0.0,1.6108489015760585
2024-01-05 20:30:00,2.3512718848060024,0.0,0.3170496454548855,306.7456018667192,0.0,0.0,1.5297456230387996
2024-01-05 20:45:00,2.789638967824077,0.0,0.3313947618087699,292.13075165597274,0.0,0.0,1.4420722064351845
2024-01-05 21:00:00,3.258973988763467,0.0,0.3344505531302452,278.40868364430645,0.0,0.0,1.3482052022473066
2024-01-05 21:15:00,3.7572611903371387,0.0,0.3202285931806376,265.6383330429312,0.0,0.0,1.2485477619325722
2024-01-05 21:30:00,4.282360467901723,0.0,0.36714316700429117,253.87454751105454,0.0,0.0,1.1435279064196553
2024-01-05 21:45:00,4.832016561039945,0.0,0.37449948667413036,243.16785158946516,0.0,0.0,1.033596687792011
2024-01-05 22:00:00,5.403868739728101,0.0,0.35619651873662916,233.56422970157297,0.0,0.0,0.9192262520543798
2024-01-05 22:15:00,5.995460943487286,0.0,0.38492900422424514,225.1049286538995,0.0,0.0,0.8009078113025428
2024-01-05 22:30:00,6.604252329971463,0.0,0.3433490154406803,217.8262804842625,0.0,0.0,0.6791495340057073
2024-01-05 22:45:00,7.227628187687058,0.0,0.3895863276222049,211.75954641850961,0.0,0.0,0.5544743624625884
2024-01-05 23:00:00,7.862911165974754,0.0,0.38956179414481235,206.93078260599242,0.0,0.0,0.42741776680504906
2024-01-05 23:15:00,8.507372774021642,0.0,0.3606543682558664,203.3607282104386,0.0,0.0,0.2985254451956718
2024-01-05 23:30:00,9.158245099516307,0.0,0.38063203304643356,201.0647163368625,0.0,0.0,0.1683509800967386
2024-01-05 23:45:00,9.81273269661621,0.0,0.3803895276607922,200.05260817707546,0.0,0.0,0.037453460676757734
2024-01-06 00:00:00,10.468024592169412,37.44196737355289,0.36499261970933816,200.32875065663671,0.0,46.802459216941116,0.09360491843388223
2024-01-06 00:15:00,11.121306358624876,89.70450868999008,0.3682581084527505,201.8919577651473,0.0,112.13063586248761,0.2242612717249752
2024-01-06 00:30:00,11.769772201779176,141.58177614233404,0.3841070526784452,204.73551565007216,0.0,176.97722017791756,0.3539544403558351
2024-01-06 00:45:00,12.410637011443614,192.85096091548903,0.3905988540748575,208.84721145221283,0.0,241.0637011443613,0.4821274022887226
2024-01-06 01:00:00,13.041148323275129,243.29186586201038,0.3514862991069623,214.20938575898458,0.0,304.11483232751294,0.6082296646550259
2024-01-06 01:15:00,13.65859814039585,292.687851231668,0.3879367144478798,220.7990084502153,0.0,365.859814039585,0.73171962807917
2024-01-06 01:30:00,14.260334564028335,340.82676512226686,0.33893700779418356,228.58777761071428,0.0,426.03345640283356,0.8520669128056672
2024-01-06 01:45:00,14.843773183193871,387.5018546555098,0.36478068784694434,237.54224108478928,0.0,484.37731831938726,0.9687546366387745
2024-01-06 02:00:00,15.406408174555931,432.51265396447457,0.3332361122941515,247.6239401506445,0.0,540.6408174555933,1.0812816349111865
2024-01-06 02:15:00,15.945823064735846,475.66584517886764,0.32075138595378205,258.7895746975892,0.0,594.5823064735846,1.1891646129471691
2024-01-06 02:30:00,16.459701108877372,516.7760887101897,0.3330675147973369,270.9911891966342,0.0,645.9701108877372,1.2919402217754743
2024-01-06 02:45:00,16.945835240885057,555.6668192708046,0.3095620206227875,284.1763786657459,0.0,694.5835240885057,1.3891670481770113
2024-01-06 03:00:00,17.402137552600866,592.1710042080692,0.3403324395696825,298.2885137451547,0.0,740.2137552600866,1.4804275105201732
2024-01-06 03:15:00,17.82664826120678,626.1318608965425,0.3379910773993967,313.26698391603554,0.0,782.6648261206782,1.5653296522413565
2024-01-06 03:30:00,18.217544126339057,657.4035301071248,0.32472771568026626,329.04745781795594,0.0,821.7544126339059,1.6435088252678118
2024-01-06 03:45:00,18.573146280763297,685.8517024610638,0.30615559477948995,345.562159547049,0.0,857.3146280763298,1.7146292561526595
2024-01-06 04:00:00,18.891927440978193,711.3541952782554,0.30745419278686564,362.74015974823055,0.0,889.1927440978193,1.7783854881956385
2024-01-06 04:15:00,19.172518466778975,733.8014773423182,0.28150841672550403,380.5076802512442,0.0,917.2518466778977,1.8345036933557954
2024-01-06 04:30:00,19.41371424160776,753.0971393286209,0.2946555297810595,398.7884109421444,0.0,941.371424160776,1.882742848321552
2024-01-06 04:45:00,19.614478848435077,769.1583078748063,0.250124524868593,417.5038375092809,0.0,961.4478848435078,1.9228957696870157
2024-01-06 05:00:00,19.773950018942706,781.9160015154166,0.26296715442142005,436.5735786561394,0.0,977.3950018942708,1.9547900037885415
2024-01-06 05:15:00,19.891442836898783,791.3154269519027,0.22476022024054926,455.9157313327372,0.0,989.1442836898784,1.9782885673797568
2024-01-06 05:30:00,19.966452679819575,797.3162143855661,0.2477281683311983,475.447222502831,0.0,996.6452679819577,1.9932905359639153
2024-01-06 05:45:00,19.998657386283668,799.8925909026933,0.23819291581703494,495.08416593612424,0.0,999.8657386283667,1.9997314772567334
2024-01-06 06:00:00,19.987918639590116,799.0334911672094,0.24114370331376064,514.7422224930797,7.371111246539843,998.7918639590116,1.9975837279180233
2024-01-06 06:15:00,19.9342825618179,794.7426049454319,0.19471129315863553,534.3369623549418,17.16848117747086,993.4282561817898,1.9868565123635797
2024-01-06 06:30:00,19.83797951573517,787.0383612588138,0.1866398202441876,553.7842276432187,26.892113821609353,983.7979515735173,1.9675959031470345
2024-01-06 06:45:00,19.699423115409168,775.9538492327334,0.20945141348437896,573.0004938712034,36.50024693560169,969.9423115409168,1.9398846230818336
2024-01-06 07:00:00,19.51920844976605,761.536675981284,0.1888513521710566,591.9032286751248,45.951614337562354,951.920844976605,1.90384168995321
2024-01-06 07:15:00,19.29810952673042,743.8487621384337,0.1669980485311667,610.4112462842095,55.20562314210472,929.8109526730422,1.8596219053460843
2024-01-06 07:30:00,19.03707594892169,722.9660759137353,0.17754495084781796,628.4450562072316,64.22252810361576,903.7075948921691,1.8074151897843382
2024-01-06 07:45:00,18.737228835184933,698.9783068147946,0.15558166780971378,645.9272046379684,72.96360231898421,873.7228835184933,1.7474457670369865
2024-01-06 08:00:00,18.39985600547294,671.988480437835,0.16745812595533488,662.782607113254,81.39130355662701,839.9856005472939,1.6799712010945878
2024-01-06 08:15:00,18.02640644976003,642.1125159808026,0.1480074447773901,678.9388709948885,89.46943549744421,802.6406449760033,1.6052812899520066
2024-01-06 08:30:00,17.618484104743203,609.4787283794564,0.14533130936369576,694.3266063903691,97.16330319518455,761.8484104743205,1.523696820948641
2024-01-06 08:45:00,17.177840965059175,574.2272772047342,0.10200922394638799,708.879724177064,104.43986208853201,717.7840965059177,1.4355681930118354
2024-01-06 09:00:00,16.706369558604166,536.5095646883332,0.10593207369861336,722.5357198498355,111.26785992491776,670.6369558604165,1.341273911720833
2024-01-06 09:15:00,16.206094818274263,496.4875854619411,0.128145902859792,735.2359419730119,117.61797098650595,620.6094818274264,1.2412189636548527
2024-01-06 09:30:00,15.679165385036688,454.3332308029351,0.07717508598612396,746.9258440837265,123.46292204186325,567.9165385036689,1.1358330770073377
2024-01-06 09:45:00,15.127844379684504,410.22755037476026,0.11301015311407141,757.5552189647185,128.77760948235925,512.7844379684503,1.0255688759369006
2024-01-06 10:00:00,14.554499682909434,364.35997463275464,0.07532730772429608,767.0784142804131,133.53920714020654,455.44996829094333,0.9108999365818866
2024-01-06 10:15:00,13.96159376543909,316.92750123512724,0.08958955196690832,775.4545286501397,137.72726432506983,396.15937654390905,0.7923187530878181
2024-01-06 10:30:00,13.351673111917373,268.1338489533899,0.0788880416308001,782.6475873163699,141.32379365818497,335.1673111917373,0.6703346223834746
2024-01-06 10:45:00,12.727357283951655,218.18858271613246,0.06902600969889974,788.6266966534943,144.3133483267471,272.73572839516555,0.5454714567903312
2024-01-06 11:00:00,12.091327669300117,167.3062135440094,0.07788291046948652,793.3661768535318,146.6830884267659,209.13276693001177,0.4182655338600235
2024-01-06 11:15:00,11.446315965520586,115.7052772416469,0.08187015912320703,796.8456722189026,148.4228361094513,144.63159655205862,0.28926319310411724
2024-01-06 11:30:00,10.795092447542713,63.60739580341694,0.07856608859526916,799.0502385885596,149.52511929427982,79.50924475427118,0.15901848950854236
2024-01-06 11:45:00,10.140454069553344,11.236325564267524,0.08237301722444915,799.9704075219943,149.98520376099714,14.045406955334405,0.02809081391066881
2024-01-06 12:00:00,9.485212452296578,0.0,0.09035062251904538,799.6022269654493,149.80111348272462,0.0,0.10295750954068432
2024-01-06 12:15:00,8.832181807382085,0.0,0.081632136638937,797.9472782256814,148.9736391128407,0.0,0.2335636385235828
2024-01-06 12:30:00,8.184166850465877,0.0,0.07200454312399085,795.0126691783723,147.50633458918617,0.0,0.3631666299068247
2024-01-06 12:45:00,7.543950755215443,0.0,0.06796546714634757,790.8110037403571,145.40550187017854,0.0,0.4912098489569114
2024-01-06 13:00:00,6.9142831997960625,0.0,0.09690829587342667,785.360327736785,142.68016386839253,0.0,0.6171433600407875
2024-01-06 13:15:00,6.297868557217669,0.0,0.0765402402580028,778.6840513957093,139.3420256978546,0.0,0.7404262885564663
2024-01-06 13:30:00,5.697354280263828,0.0,0.08443875855926983,770.8108488029839,135.4054244014919,0.0,0.8605291439472345
2024-01-06 13:45:00,5.115319530888649,0.0,0.11837334151408782,761.774534749303,130.88726737465151,0.0,0.9769360938222702
2024-01-06 14:00:00,4.55426410291747,0.0,0.11069240961943481,751.6139194983143,125.80695974915719,0.0,1.089147179416506
2024-01-06 14:15:00,4.016597685627472,0.0,0.10409097114637797,740.3726420995649,120.18632104978244,0.0,1.1966804628745056
2024-01-06 14:30:00,3.5046295143202864,0.0,0.09839892180832417,728.098982962189,114.04949148109448,0.0,1.2990740971359427
2024-01-06 14:45:00,3.0205584523365943,0.0,0.1375995119045124,714.8456564943193,107.42282824715964,0.0,1.395888309532681
2024-01-06 15:00:00,2.5664635471096826,0.0,0.14406802906830374,700.6695846988176,100.3347923494088,0.0,1.4867072905780634
2024-01-06 15:15:00,2.1442951008189706,0.0,0.12934254912953447,685.6316526977148,92.81582634885743,0.0,1.571140979836206
2024-01-06 15:30:00,1.7558662939943552,0.0,0.12799273781682174,669.7964472353636,84.89822361768182,0.0,1.648826741201129
2024-01-06 15:45:00,1.4028453980473383,0.0,0.14880243468188997,653.2319792834116,76.61598964170585,0.0,1.7194309203905322
2024-01-06 16:00:00,1.0867486101755155,0.0,0.15959443921700858,636.0093919389865,68.00469596949324,0.0,1.782650277964897
2024-01-06 16:15:00,0.8089335414139285,0.0,0.1777170325910279,618.2026548706449,59.101327435322474,0.0,1.8382132917172145
2024-01-06 16:30:00,0.570593385801633,0.0,0.16483865760868202,599.88824662442,49.944123312210046,0.0,1.8858813228396736
2024-01-06 16:45:00,0.37275179570641015,0.0,0.2027824802088223,581.1448261544342,40.57241307721708,0.0,1.925449640858718
2024-01-06 17:00:00,0.2162584853177414,0.0,0.18091053373403754,562.0528949888294,31.02644749441471,0.0,1.9567483029364516
2024-01-06 17:15:00,0.10178558119067915,0.0,0.19524118350089542,542.6944514819874,21.347225740993654,0.0,1.9796428837618643
2024-01-06 17:30:00,0.029824735514736744,0.0,0.21795581196490005,523.1526386379957,11.57631931899784,0.0,1.9940350528970527
2024-01-06 17:45:00,0.0006850145061161328,0.0,0.24610857363439753,503.5113870179349,1.7556935089674621,0.0,1.9998629970987767
2024-01-06 18:00:00,0.014491570992426261,0.0,0.23940212363867014,483.85505426466824,0.0,0.0,1.9971016858015147
2024-01-06 18:15:00,0.07118510689104873,0.0,0.22362935902638348,464.268062793349,0.0,0.0,1.9857629786217903
2024-01-06 18:30:00,0.17052212788978416,0.0,0.24448875669013548,444.83453720373603,0.0,0.0,1.9658955744220432
2024-01-06 18:45:00,0.31207598923591284,0.0,0.2542843231103658,425.63794297160325,0.0,0.0,1.9375848021528175
2024-01-06 19:00:00,0.49523872814211956,0.0,0.2851071231924578,406.7607279710346,0.0,0.0,1.900952254371576
2024-01-06 19:15:00,0.7192236749392098,0.0,0.29098365008510524,388.2839683672397,0.0,0.0,1.856155265012158
2024-01-06 19:30:00,0.9830688317609511,0.0,0.2719161297794162,370.2870204007512,0.0,0.0,1.8033862336478097
2024-01-06 19:45:00,1.2856410042498307,0.0,0.2770676708710021,352.84717955856524,0.0,0.0,1.7428717991500338
2024-01-06 20:00:00,1.6256406685383826,0.0,0.30174643554393654,336.03934859605675,0.0,0.0,1.6748718662923234
2024-01-06 20:15:00,2.001607552602783,0.0,0.331998500216999,319.9357158354909,0.0,0.0,1.5996784894794434
2024-01-06 20:30:00,2.4119269080172305,0.0,0.34462895776739066,304.6054451228127,0.0,0.0,1.517614618396554
2024-01-06 20:45:00,2.8548364451724115,0.0,0.33165881868386893,290.11437877432616,0.0,0.0,1.4290327109655176
2024-01-06 21:00:00,3.328433902171845,0.0,0.3369591641107175,276.52475478908445,0.0,0.0,1.3343132195656309
2024-01-06 21:15:00,3.8306852148982715,0.0,0.320831650237138,263.89493954154113,0.0,0.0,1.2338629570203457
2024-01-06 21:30:00,4.3594332531602875,0.0,0.3486829844122038,252.27917710252677,0.0,0.0,1.1281133493679425
2024-01-06 21:45:00,4.912407085398178,0.0,0.3727469712205874,241.72735626519818,0.0,0.0,1.0175185829203643
2024-01-06 22:00:00,5.487231732157733,0.0,0.35283212278859,232.28479627656526,0.0,0.0,0.9025536535684534
2024-01-06 22:15:00,6.081438366441655,0.0,0.351636119039752,223.99205219486169,0.0,0.0,0.783712326711669
2024-01-06 22:30:00,6.692474917128842,0.0,0.36649235156942145,216.88474070873497,0.0,0.0,0.6615050165742316
2024-01-06 22:45:00,7.317717029920683,0.0,0.3724225431957854,210.9933871663485,0.0,0.0,0.5364565940158634
2024-01-06 23:00:00,7.954479338737957,0.0,0.3817242536929617,206.343294471393,0.0,0.0,0.4091041322524086
2024-01-06 23:15:00,8.600026999158578,0.0,0.3794582946798911,202.95443440909014,0.0,0.0,0.27999460016828454
2024-01-06 23:30:00,9.251587434360946,0.0,0.3543271604146722,200.84136186893386,0.0,0.0,0.1496825131278107
2024-01-06 23:45:00,9.90636224312503,0.0,0.36604603721333173,200.01315233257532,0.0,0.0,0.01872755137499393
2024-01-07 00:00:00,10.561539218747203,44.923137499776225,0.36240135791566025,200.47336289533797,0.0,56.15392187472028,0.11230784374944057
2024-01-07 00:15:00,11.21430442724857,97.1443541798855,0.3599236592699233,202.2200169887705,0.0,121.43044272485687,0.24286088544971374
2024-01-07 00:30:00,11.861854293001796,148.94834344014376,0.39056583662306715,205.24561286985437,0.0,186.1854293001797,0.3723708586003594
2024-01-07 00:45:00,12.501407639869644,200.1126111895715,0.3933567456667834,209.53715584040413,0.0,250.14076398696437,0.5002815279739288
2024-01-07 01:00:00,13.130217636139413,250.41741089115303,0.36633854876507693,215.0762140582824,0.0,313.0217636139413,0.6260435272278826
2024-01-07 01:15:00,13.745583591950792,299.64668735606335,0.3790515615131588,221.83899770072327,0.0,374.55835919507916,0.7491167183901584
2024-01-07 01:30:00,14.344862558548037,347.5890046838429,0.3756095579403932,229.79646113976452,0.0,434.4862558548037,0.8689725117096073
2024-01-07 01:45:00,14.925480679538616,394.03845436308916,0.3782220467878796,238.91442769095266,0.0,492.54806795386145,0.9850961359077229
2024-01-07 02:00:00,15.484944245405542,438.79553963244337,0.3590330324167441,249.1537363995359,0.0,548.4944245405542,1.0969888490811084
2024-01-07 02:15:00,16.020850403795144,481.6680323036116,0.33882754712426966,260.4704102337082,0.0,602.0850403795145,1.204170080759029
2024-01-07 02:30:00,16.530897479580396,522.4717983664316,0.3200560590101808,272.8158449625291,0.0,653.0897479580394,1.3061794959160788
2024-01-07 02:45:00,17.012894860375948,561.0315888300759,0.30885166250294077,286.13701790730227,0.0,701.2894860375948,1.4025789720751896
2024-01-07 03:00:00,17.464772405047388,597.1817924037911,0.33953614219284106,300.3767156698425,0.0,746.4772405047388,1.4929544810094777
2024-01-07 03:15:00,17.884589334805835,630.7671467844667,0.2930245383853791,315.47377985955586,0.0,788.4589334805834,1.5769178669611668
2024-01-07 03:30:00,18.27054256870138,661.6434054961102,0.3246388770824645,331.3633697639545,0.0,827.0542568701378,1.6541085137402756
2024-01-07 03:45:00,18.620974467715047,689.6779574172039,0.311909700534803,347.9772408344563,0.0,862.0974467715048,1.7241948935430096
2024-01-07 04:00:00,18.93437995418903,714.7503963351223,0.2999050673923273,365.2440377913954,0.0,893.4379954189029,1.7868759908378058
2024-01-07 04:15:00,19.209412976017745,736.7530380814196,0.303858842864084,383.0896010893791,0.0,920.9412976017744,1.841882595203549
2024-01-07 04:30:00,19.444892287836602,755.5913830269282,0.29846060512022804,401.43728542674813,0.0,944.4892287836602,1.8889784575673205
2024-01-07 04:45:00,19.639806524378645,771.1845219502916,0.280796050925447,420.20828893116584,0.0,963.9806524378645,1.927961304875729
2024-01-07 05:00:00,19.793318544209445,783.4654835367556,0.23237112397393758,439.3219916075097,0.0,979.3318544209445,1.958663708841889
2024-01-07 05:15:00,19.904769025184233,792.3815220147387,0.2598661165484669,458.69630159445876,0.0,990.4769025184233,1.9809538050368467
2024-01-07 05:30:00,19.973679296185054,797.8943436948045,0.22502563457192193,478.2480077426313,0.0,997.3679296185056,1.9947358592370112
2024-01-07 05:45:00,19.99975339297587,799.9802714380694,0.23243626432485098,497.8931369999775,0.0,999.9753392975867,1.9999506785951735
2024-01-07 06:00:00,19.982879329345828,798.6303463476663,0.21789830162847057,517.5473150694849,8.773657534742416,998.287932934583,1.996575865869166
2024-01-07 06:15:00,19.923129578081344,793.8503662465075,0.21894958060781017,537.1261287901984,18.563064395099207,992.3129578081345,1.9846259156162689
2024-01-07 06:30:00,19.820760759701095,785.6608607760878,0.18709526625903342,556.54548868516,28.272744342579998,982.0760759701097,1.9641521519402194
2024-01-07 06:45:00,19.676212540290948,774.0970032232759,0.1779325864619653,575.7219901191488,37.8609950595744,967.621254029095,1.9352425080581899
2024-01-07 07:00:00,19.49010574317242,759.2084594537935,0.1615646087964267,594.5732715150807,47.28663575754034,949.0105743172419,1.8980211486344838
2024-01-07 07:15:00,19.26323968251496,741.0591746011969,0.15179487022429133,613.0183680905542,56.50918404527708,926.3239682514961,1.8526479365029922
2024-01-07 07:30:00,18.996588730343987,719.7270984275191,0.17908701719644218,630.978059595272,65.48902979763604,899.6588730343989,1.7993177460687977
2024-01-07 07:45:00,18.691298131689074,695.3038505351257,0.14405257155678397,648.3752105558341,74.18760527791704,869.1298131689072,1.7382596263378143
2024-01-07 08:00:00,18.348679085845905,667.8943268676724,0.13298862525127428,665.1351015665751,82.56755078328759,834.8679085845905,1.669735817169181
2024-01-07 08:15:00,17.97020311487767,637.6162491902134,0.138040398832754,681.1857502035817,90.59287510179087,797.0203114877668,1.5940406229755335
2024-01-07 08:30:00,17.557495743542603,604.5996594834081,0.11447826664591164,696.4582201835844,98.22911009179222,755.7495743542602,1.5114991487085203
2024-01-07 08:45:00,17.11232951779203,568.9863614233624,0.11027871809458174,710.8869174399151,105.44345871995759,711.232951779203,1.422465903558406
2024-01-07 09:00:00,16.636616391823836,530.9293113459069,0.11493430860175179,724.4098718439042,112.20493592195209,663.6616391823835,1.327323278364767
2024-01-07 09:15:00,16.13239951638839,490.591961311071,0.10564448403608813,736.9690033617463,118.48450168087318,613.2399516388388,1.2264799032776774
2024-01-07 09:30:00,15.601844463615528,448.1475570892422,0.08143291619014804,748.5103715037139,124.25518575185696,560.1844463615528,1.1203688927231055
2024-01-07 09:45:00,15.047229926051273,403.77839408410176,0.08761368574719926,758.9844069943499,129.49220349717496,504.7229926051272,1.0094459852102544
2024-01-07 10:00:00,14.470937929851164,357.6750343880931,0.10692842393981956,768.346124668638,134.173062334319,447.09379298511635,0.8941875859702327
2024-01-07 10:15:00,13.87544360416383,310.0354883331065,0.0858021885511925,776.5553166797756,138.2776583398878,387.54436041638314,0.7750887208327663
2024-01-07 10:30:00,13.263304550644461,261.0643640515569,0.08003881288626558,783.5767251887376,141.78836259436875,326.3304550644461,0.6526609101288922
2024-01-07 10:45:00,12.637149858755286,210.97198870042294,0.0652195071272174,789.3801937939434,144.69009689697165,263.71498587552867,0.5274299717510573
2024-01-07 11:00:00,11.999668814031532,159.9735051225225,0.06423056927502663,793.9407970506488,146.97039852532438,199.96688140315314,0.39993376280630627
2024-01-07 11:15:00,11.35359934780991,108.28794782479278,0.09872443529954628,797.2389475237854,148.61947376189272,135.35993478099098,0.27071986956198196
2024-01-07 11:30:00,10.701716278027211,56.13730224217688,0.07836171747084889,799.2604799144659,149.63023995723296,70.1716278027211,0.1403432556054422
2024-01-07 11:45:00,10.046819391593813,3.745551327505061,0.06746798897107145,799.9967118988368,149.9983559494184,4.681939159381327,0.009363878318762653
2024-01-07 12:00:00,9.391721419527405,0.0,0.07394336340268823,799.4444814179824,149.72224070899122,0.0,0.12165571609451903
2024-01-07 12:15:00,8.739235956492774,0.0,0.08276526191268549,797.6061602587208,148.8030801293604,0.0,0.2521528087014451
2024-01-07 12:30:00,8.092165376632305,0.0,0.06206280830016983,794.4896438669645,147.24482193348223,0.0,0.38156692467353887
2024-01-07 12:45:00,7.453288797587737,0.0,0.05601599358548758,790.1083174373964,145.05415871869823,0.0,0.5093422404824526
2024-01-07 13:00:00,6.825350144406781,0.0,0.08248401931582683,784.4809984251037,142.24049921255184,0.0,0.6349299711186438
2024-01-07 13:15:00,6.211046364599184,0.0,0.08267063944999076,777.6318557260762,138.8159278630381,0.0,0.7577907270801633
2024-01-07 13:30:00,5.613015844957649,0.0,0.10584447480070261,769.5903058736844,134.79515293684224,0.0,0.8773968310084702
2024-01-07 13:45:00,5.033827079892465,0.0,0.08230544453187937,760.390886696965,130.1954433484825,0.0,0.9932345840215071
2024-01-07 14:00:00,4.4759676399484665,0.0,0.0904293759351716,750.0731089833397,125.03655449166986,0.0,1.1048064720103068
2024-01-07 14:15:00,3.9418334878836774,0.0,0.11009960742626365,738.6812867828671,119.34064339143357,0.0,1.2116333024232646
2024-01-07 14:30:00,3.4337186881962536,0.0,0.13581072709850994,726.2643470828565,113.13217354142826,0.0,1.3132562623607493
2024-01-07 14:45:00,2.953805554296495,0.0,0.13805093217989434,712.875619670275,106.43780983513747,0.0,1.409238889140701
2024-01-07 15:00:00,2.50415527564106,0.0,0.1373207080924043,698.5726080844747,99.28630404223736,0.0,1.499168944871788
2024-01-07 15:15:00,2.0866990650851136,0.0,0.11486541023532855,683.4167426439797,91.7083713219898,0.0,1.5826601869829773
2024-01-07 15:30:00,1.7032298644738244,0.0,0.12128771040993973,667.4731166080605,83.73655830403025,0.0,1.6593540271052352
2024-01-07 15:45:00,1.355394644097066,0.0,0.16543993768490617,650.8102066062673,75.40510330313366,0.0,1.728921071180587
2024-01-07 16:00:00,1.0446873290805598,0.0,0.13528736209433248,633.4995785366489,66.74978926832442,0.0,1.7910625341838882
2024-01-07 16:15:00,0.7724423830940665,0.0,0.1663802373228856,615.615580195808,57.80779009790397,0.0,1.8455115233811865
2024-01-07 16:30:00,0.5398290769339713,0.0,0.19393668814707407,597.2350219609094,48.61751098045472,0.0,1.8920341846132058
2024-01-07 16:45:00,0.3478464665966232,0.0,0.20192558402954713,578.4368468951163,39.21842344755817,0.0,1.9304307066806754
2024-01-07 17:00:00,0.19731910241069173,0.0,0.20826043884713494,559.3017916932868,29.650895846643373,0.0,1.9605361795178617
2024-01-07 17:15:00,0.08889348765788085,0.0,0.20228931569247635,539.9120399241722,19.956019962086103,0.0,1.9822213024684239
2024-01-07 17:30:00,0.02303530189178815,0.0,0.20802376249704874,520.3508690584036,10.175434529201828,0.0,1.9953929396216423
2024-01-07 17:45:00,2.740088056718548e-05,0.0,0.2009432154288148,500.7022927982543,0.35114639912714224,0.0,1.9999945198238867
2024-01-07 18:00:00,0.019968601763475036,0.0,0.218817913955934,481.05070024534484,0.0,0.0,1.996006279647305
2024-01-07 18:15:00,0.08277325863897289,0.0,0.2399971446446859,461.48049345603806,0.0,0.0,1.9834453482722054
2024-01-07 18:30:00,0.1881716304071901,0.0,0.25714770245334195,442.0757249411935,0.0,0.0,1.962365673918562
2024-01-07 18:45:00,0.3357110392868954,0.0,0.25771526826730234,422.9197366671932,0.0,0.0,1.932857792142621
2024-01-07 19:00:00,0.5247578150312364,0.0,0.2607609535203728,404.09480210869987,0.0,0.0,1.8950484369937526
2024-01-07 19:15:00,0.7545000164920062,0.0,0.28297941396848153,385.6817728905045,0.0,0.0,1.8490999967015986
2024-01-07 19:30:00,1.0239509188434983,0.0,0.273253497564245,367.75973153610727,0.0,0.0,1.7952098162313004
2024-01-07 19:45:00,1.331953251488633,0.0,0.28962289563461496,350.4056518144512,0.0,0.0,1.7336093497022735
2024-01-07 20:00:00,1.677184168445855,0.0,0.33161577440497,333.6940681435916,0.0,0.0,1.664563166310829
2024-01-07 20:15:00,2.0581609298693877,0.0,0.29970768555662386,317.6967554711873,0.0,0.0,1.5883678140261224
2024-01-07 20:30:00,2.4732472703011528,0.0,0.3285061180613689,302.48242100670205,0.0,0.0,1.5053505459397694
2024-01-07 20:45:00,2.9206604263032148,0.0,0.3095689477620287,288.1164091293019,0.0,0.0,1.4158679147393571
2024-01-07 21:00:00,3.398478793287615,0.0,0.34732315921539053,274.6604207388462,0.0,0.0,1.320304241342477
2024-01-07 21:15:00,3.904650178658117,0.0,0.33696815564182625,262.17224825533805,0.0,0.0,1.2190699642683767
2024-01-07 21:30:00,4.437000615817244,0.0,0.3249221652612001,250.70552740499062,0.0,0.0,1.1125998768365513
2024-01-07 21:45:00,4.993243701183154,0.0,0.35561436648832645,240.30950685896897,0.0,0.0,1.0013512597633691
2024-01-07 22:00:00,5.570990414114593,0.0,0.34076843225505493,231.02883671419062,0.0,0.0,0.8858019171770813
2024-01-07 22:15:00,6.167759377568101,0.0,0.3483667214631254,222.90337672464432,0.0,0.0,0.7664481244863798
2024-01-07 22:30:00,6.780987515418761,0.0,0.3917527394964109,215.968025106857,0.0,0.0,0.6438024969162479
2024-01-07 22:45:00,7.408041060672129,0.0,0.3676335982395992,210.25256865477752,0.0,0.0,0.5183917878655742
2024-01-07 23:00:00,8.046226867287933,0.0,0.39653921823403077,205.78155480782112,0.0,0.0,0.3907546265424134
2024-01-07 23:15:00,8.692803977032133,0.0,0.38641910440688176,202.57418622153313,0.0,0.0,0.2614392045935734
2024-01-07 23:30:00,9.344995391678626,0.0,0.37750755544235287,200.64423829368184,0.0,0.0,0.13100092166427454
2024-01-07 23:45:00,9.999999999999982,0.0,0.3698726564856159,200.0,0.0,0.0,3.429011037612589e-15
